id,pm2_5
id_ihxgrbq8bw,58.21426474913903
id_dg6s4fhiwe,58.21426474913903
id_f7hwwtmuzp,58.21426474913903
id_ioese5awdg,58.21426474913903
id_hdw320zpls,60.03156159294097
id_wnxl0jyxdm,58.21426474913903
id_irr46cfvrz,58.21426474913903
id_l3lg8y1tar,58.21426474913903
id_9bzncgu7ap,60.03156159294097
id_tq8gz80e59,58.21426474913903
id_gouch6j71l,60.03156159294097
id_gvg6pup3v5,58.21426474913903
id_xsyh8m7o0c,58.21426474913903
id_hsr9nym75x,58.21426474913903
id_kk2mprzws5,58.21426474913903
id_zztb716ruj,58.21426474913903
id_nc37c47azq,57.144403562062664
id_aq2zwrpazm,60.03156159294097
id_1if5noe1b4,60.03156159294097
id_9ch9qgghhp,58.21426474913903
id_i8ez1ppqtt,60.03156159294097
id_1gzede3sx1,58.21426474913903
id_c0cjjirgpf,63.72154662311116
id_y3cgdjsgq1,58.21426474913903
id_hqfk9eb7i3,58.21426474913903
id_heuv8vkjh4,58.21426474913903
id_fcoot945yi,58.21426474913903
id_h4j7gdpygc,58.21426474913903
id_0z5dftxu4p,60.03156159294097
id_0l3lpe7b09,60.03156159294097
id_q51pjcyt8q,58.21426474913903
id_5y5tak334a,58.21426474913903
id_ffpap9n3bi,59.91104222740197
id_wlrkf9c15k,58.21426474913903
id_i2rh9ih3f4,58.21426474913903
id_uqm3krxam7,58.21426474913903
id_3iwa156mvm,58.21426474913903
id_1lz3s1bdxs,58.21426474913903
id_jmqt01idjp,59.91104222740197
id_8gb7nw0rmx,58.21426474913903
id_4xwo0p10w6,60.03156159294097
id_m5bwlzsq1q,58.21426474913903
id_z4d44hh4z0,58.21426474913903
id_pmh6yxhfva,58.21426474913903
id_35d6qsok4a,58.21426474913903
id_77htjr9yc8,58.21426474913903
id_t8vdruehat,58.21426474913903
id_jckj5zjs3u,58.21426474913903
id_iaz7r7qv9z,58.21426474913903
id_uifln55ls5,58.52052987632494
id_d32frejzqm,58.52052987632494
id_exdub9ncvr,58.52052987632494
id_mxkrqowab2,58.52052987632494
id_y8ho5r6i9n,58.51812265988756
id_fiygo06opn,58.52052987632494
id_o3dfdr4sk8,56.394107901838815
id_akv54mqumg,58.52052987632494
id_h24kmkoube,32.96420215959679
id_x3hkwvtuum,32.96420215959679
id_w5yebgnpv0,32.96420215959679
id_0sqrmgfxq8,28.659793133032153
id_af7sxbklj4,28.659793133032153
id_hv5isckfyd,28.659793133032153
id_ghg0lmyh5v,27.84058508130692
id_wpckthcmjz,32.96420215959679
id_u8j139024n,28.659793133032153
id_1jadvwi51a,28.659793133032153
id_1gm8yzoyli,27.84058508130692
id_qsbblt5w3q,27.84058508130692
id_51h39wnp4b,33.78341021132207
id_ny5f2xtwmp,32.96420215959679
id_3dhao9xr06,27.84058508130692
id_wwcepeo72q,27.84058508130692
id_aekpxa9j8r,27.84058508130692
id_hlshs2v7p0,32.96420215959679
id_csaw4okqxs,33.78341021132207
id_a57xn6b266,32.96420215959679
id_v6zbdry3ae,27.84058508130692
id_mjgt3wrumc,27.84058508130692
id_rb71ryy76k,32.96420215959679
id_rzzwlgdruk,28.659793133032153
id_bg7hzhz9s5,27.84058508130692
id_9f0xa0vpm0,32.96420215959679
id_x19qug1u9n,32.96420215959679
id_neebsy7lt3,32.96420215959679
id_k5jc67rf2q,32.96420215959679
id_6vw340icrq,27.84058508130692
id_rpzdo2jabq,32.96420215959679
id_3m8w0ho783,27.84058508130692
id_2ziuzg6bnw,32.96420215959679
id_4hps6472o7,32.96420215959679
id_9cb9qenzw7,32.96420215959679
id_6rvd06xnhq,32.96420215959679
id_22gpyw7j4j,27.84058508130692
id_970drtediu,32.96420215959679
id_oec1w7ootb,32.96420215959679
id_7onpirv1s3,32.96420215959679
id_8rt8qfy8h4,32.96420215959679
id_e69vc06bss,32.96420215959679
id_7dv4xh47cy,32.96420215959679
id_vfx2x5hc15,32.96420215959679
id_ljvpa6cdtz,32.96420215959679
id_faa2v5ox7q,32.96420215959679
id_t6xdbl4ne4,27.84058508130692
id_r2fdbsyh1n,27.84058508130692
id_jhwi52u0q3,32.96420215959679
id_55pa9g9m9g,32.96420215959679
id_u347bmckbj,32.96420215959679
id_3ygrfqgttc,28.700594809616064
id_z7heeojpzb,32.96420215959679
id_utgueavnmx,27.84058508130692
id_h2tqqtxe1w,32.96420215959679
id_mrdqqwst7r,32.96420215959679
id_5053tusxc6,28.659793133032153
id_h6t5tbsidc,32.96420215959679
id_4fs05d28s6,32.96420215959679
id_qye7jwpbs8,32.96420215959679
id_um00ew0g1b,32.96420215959679
id_fzvy60mdma,27.84058508130692
id_l7u41q4cr9,28.659793133032153
id_26og4v2wx5,27.84058508130692
id_b0a1xu6nu0,32.96420215959679
id_xumsw5m3ip,32.96420215959679
id_3ftig6nrpk,32.96420215959679
id_0ejl66y98y,32.96420215959679
id_ph0mqd3qdu,32.96420215959679
id_1j21vhuakg,32.96420215959679
id_9b866t3kcl,32.96420215959679
id_gm3rhu9jak,32.96420215959679
id_vldjdgbudl,32.96420215959679
id_sg9gnw6j9a,32.96420215959679
id_jy6wca6oh6,32.96420215959679
id_lgnofy6syn,32.96420215959679
id_g1j9pxh5yp,32.96420215959679
id_xoh80ei36j,32.96420215959679
id_g4idr9b72i,32.96420215959679
id_b7cn1tm7jw,32.96420215959679
id_3kkfl60mdt,32.96420215959679
id_3cnzembvt2,32.96420215959679
id_qh3hmxe3vl,32.96420215959679
id_dm2ngicucl,32.96420215959679
id_0pj7rbu5pl,32.96420215959679
id_0b7len9grt,32.96420215959679
id_lkjbthp6xi,32.96420215959679
id_msyur8bama,27.84058508130692
id_r6b4lems42,32.96420215959679
id_tdtmvz23p5,32.96420215959679
id_ucg35myewu,32.96420215959679
id_cpu27o1708,32.96420215959679
id_8g3bfwtmtc,32.96420215959679
id_lvwrewueod,32.96420215959679
id_vjr52dclmq,32.96420215959679
id_74lpfoxs1u,32.96420215959679
id_51ipsqq6fi,32.96420215959679
id_rgv5vz1wi7,28.659793133032153
id_xukt8h1854,27.84058508130692
id_pvjuaozpis,32.96420215959679
id_dpstb14com,32.96420215959679
id_hfo34xjax3,32.96420215959679
id_1xcm67i57m,33.78341021132207
id_5w78ao9f51,32.96420215959679
id_wjwp5bnl95,27.84058508130692
id_q29d5fhap5,32.96420215959679
id_stpxgfh6at,32.96420215959679
id_lp5fau1v5t,32.96420215959679
id_7oxqpk7s41,32.96420215959679
id_4dnmn33ra3,32.96420215959679
id_vxnrc9eyhk,27.84058508130692
id_ysrrbwixap,32.96420215959679
id_yhfx1lpevn,32.96420215959679
id_c6a44pvjv8,27.84058508130692
id_s9f3ml14cj,32.96420215959679
id_d0w9c0xp76,27.84058508130692
id_a9fbexs6qf,32.96420215959679
id_9wzfhpw4et,32.96420215959679
id_ryi27ogtvv,32.96420215959679
id_l4fl7gcf91,32.96420215959679
id_tkvbxrgren,32.96420215959679
id_1wkfcd4q6t,32.96420215959679
id_mc88pd2apf,32.96420215959679
id_00iv2sgwb9,32.96420215959679
id_e7lfbanu92,32.96420215959679
id_1mdkr0dgz1,32.96420215959679
id_evzlq1bdq7,32.96420215959679
id_0fzcmep80p,32.96420215959679
id_dwd9xbd5ep,32.96420215959679
id_845jje9evg,32.96420215959679
id_cbrgljomk4,32.96420215959679
id_xadne3g2dw,32.96420215959679
id_fdlsm6mg2z,32.96420215959679
id_r1w2mcb346,27.84058508130692
id_1c24ja9jag,27.84058508130692
id_h1v0nwz453,32.96420215959679
id_igvjbr17my,32.96420215959679
id_isnin8oj7j,32.96420215959679
id_lts441t4ge,32.96420215959679
id_7k86unkgbf,32.96420215959679
id_xs2ivx2taa,27.84058508130692
id_t8pxhu1lko,32.96420215959679
id_cncxlihk4l,32.96420215959679
id_u3n972yugw,32.96420215959679
id_5dtltk9ol8,32.96420215959679
id_2d4xbl322n,32.96420215959679
id_6ayd3hz9lc,32.96420215959679
id_fhedgc4ogi,32.96420215959679
id_je6xyskvqt,32.96420215959679
id_uqplr7i3e8,33.1356116368134
id_p2mep9skjf,33.1356116368134
id_klmztpbnj0,35.26838210890548
id_w8masqptnv,33.1356116368134
id_uqe5p1fz8i,33.1356116368134
id_vdcliffox0,28.1284509555218
id_suphbrot9x,33.1356116368134
id_qsl9hh9hbt,33.1356116368134
id_yorywxet0a,58.21426474913903
id_9rhbkh8kye,58.21426474913903
id_oh2pg7ik9m,60.03156159294097
id_u5xtrnbshq,58.21426474913903
id_pfcdhqpggy,59.43529692714642
id_rsbolu1d8s,60.03156159294097
id_1o41vsdb40,57.94289827388974
id_bthds7exkp,58.21426474913903
id_u2lx4hcr19,60.03156159294097
id_vt2seycroc,58.21426474913903
id_ev3xsimi3e,60.03156159294097
id_8wsnxwqlaw,58.21426474913903
id_jhks2agjzh,58.21426474913903
id_abc042gxa9,58.21426474913903
id_t39ajz3mpo,58.21426474913903
id_7l7bqpd71y,58.21426474913903
id_k9uhbcg8zv,60.03156159294097
id_kf067ifyeu,60.03156159294097
id_6axl9l8y0y,60.03156159294097
id_fknkdrl6fy,60.03156159294097
id_8gmporna5z,58.21426474913903
id_a4bmoty06e,60.03156159294097
id_czo0d13gtz,60.03156159294097
id_co7jt5xego,58.21426474913903
id_2x6lo1wgko,58.21426474913903
id_9wjap2et51,58.21426474913903
id_c7mps6h2ft,58.21426474913903
id_j8yje9gqi8,59.91104222740197
id_vju59tgxzh,60.03156159294097
id_8lap7ve7md,60.03156159294097
id_pvs9bs83s2,58.21426474913903
id_qdivis4t0b,60.03156159294097
id_6ihg5rmjar,58.21426474913903
id_enahmr353n,58.21426474913903
id_m5la6rz5vl,60.03156159294097
id_lyc6fznfhn,57.7204065146246
id_u15ftwfcl7,58.21426474913903
id_mjaugtu77u,57.32593270841279
id_h1bl0y44h5,58.21426474913903
id_ixfnpr6f21,58.21426474913903
id_37e3n0alew,59.91104222740197
id_mj9599i7yu,58.21426474913903
id_aq1df4iqdu,58.21426474913903
id_2e5mcgpio6,60.03156159294097
id_o99bic4pl9,58.21426474913903
id_wee03f0g34,58.21426474913903
id_ebyp7dsb2j,58.21426474913903
id_xrw2te1q07,58.21426474913903
id_e1pr3nswl9,58.638642025426556
id_20jn6yzhpi,58.638642025426556
id_ef9regkoel,58.52052987632494
id_ja9p3oi1ln,58.52052987632494
id_u4t0meqqix,58.638642025426556
id_ha9378tgsl,58.52052987632494
id_sm9fmjwje3,58.52052987632494
id_pq1s2kq7qs,58.52052987632494
id_zcw88t7w9n,58.21426474913903
id_9gqyxg4fuy,58.21426474913903
id_jlbv1pe7mw,58.21426474913903
id_nqkrnumlsr,60.03156159294097
id_vwov477zro,59.91104222740197
id_k8t4robso6,58.21426474913903
id_9574e2s4iv,58.21426474913903
id_g6sz61x3ui,58.21426474913903
id_65fdu115yz,58.21426474913903
id_jvvhzyikro,58.21426474913903
id_mjtm49jd0e,58.21426474913903
id_qisen8bs9m,58.21426474913903
id_4qcwh32n38,60.03156159294097
id_a1jgk8addq,60.03156159294097
id_eoh9eceljc,60.03156159294097
id_c9l6rfivhx,58.21426474913903
id_ity62l2ixr,58.21426474913903
id_b1kdt1v6wk,60.03156159294097
id_31slek226d,58.21426474913903
id_r5hynclox4,58.21426474913903
id_1zdag4te8b,58.21426474913903
id_9cji7mh5kx,58.21426474913903
id_pgt8lf7tci,60.03156159294097
id_9xwjmedzm3,60.03156159294097
id_qmng1j2b5t,58.21426474913903
id_lsjhv6dlig,58.21426474913903
id_5ei28dib31,59.91104222740197
id_djt23iw3mp,58.21426474913903
id_m9oojav91p,58.21426474913903
id_oivxgblcp2,58.21426474913903
id_0kdvltw7vu,58.21426474913903
id_6w4ajmwc5u,58.21426474913903
id_urkooowq9s,60.03156159294097
id_zj9z4qj012,58.21426474913903
id_8ziogga8ul,58.21426474913903
id_3p9o92k0y8,60.03156159294097
id_nys5746v2q,58.21426474913903
id_lfeylugwfg,58.21426474913903
id_doohdtcpi0,58.21426474913903
id_gvsxbrs2ay,58.21426474913903
id_tazjayaiyz,58.638642025426556
id_zrpmkxoezw,58.638642025426556
id_sqmq0975df,58.52052987632494
id_6lcd3eygj3,58.52052987632494
id_7rpimassqp,58.638642025426556
id_63ls321ztz,58.52052987632494
id_tkciymn5hs,55.09829752907305
id_kasmldlvq9,58.52052987632494
id_vlpyl2jer5,36.33523445991839
id_5qffgu5u3n,36.33523445991839
id_j988bph6z4,36.33523445991839
id_ws4odrtze8,36.33523445991839
id_wtahd5vwwm,36.33523445991839
id_07q159o6c5,36.33523445991839
id_zuwn8cdmpg,36.33523445991839
id_h18pxnwgaz,36.33523445991839
id_crcf47qz6r,32.96420215959679
id_s0472tpnvf,32.96420215959679
id_4x8344brzc,32.96420215959679
id_f3th0516p2,32.96420215959679
id_rq698snr9f,32.96420215959679
id_bqumy9109l,28.659793133032153
id_sa87ndj19i,32.96420215959679
id_l50a8gf4z2,32.96420215959679
id_d22097x7wg,32.96420215959679
id_o0l24mamhf,27.84058508130692
id_u0tbd0ho1d,27.84058508130692
id_jh9oqt4r06,27.84058508130692
id_s5qjht01ct,32.96420215959679
id_9jvayvxhsb,32.96420215959679
id_2ktyalo4fo,32.96420215959679
id_yytme869mp,32.96420215959679
id_qjy6t0mvby,32.96420215959679
id_vqx1ryf2ik,32.96420215959679
id_xlf2632glg,32.96420215959679
id_9ryn26zoyf,32.96420215959679
id_0bhupilpq3,32.96420215959679
id_3oog4p81et,32.96420215959679
id_7pwsq2822m,32.96420215959679
id_xco3eq9ewy,32.96420215959679
id_86pol7d8z8,32.96420215959679
id_4hq1smw4qm,32.96420215959679
id_mwm43tu1lt,32.96420215959679
id_egnnmgvz1t,32.96420215959679
id_ql3nhnzgo7,32.96420215959679
id_6yei7c05s5,32.96420215959679
id_37ncimqtl1,32.96420215959679
id_faigrj26mv,32.96420215959679
id_b8gmnur08k,32.96420215959679
id_uhkuycqlqg,32.96420215959679
id_hda4qbl82l,32.96420215959679
id_l81zesfyi6,32.96420215959679
id_8fw0qddr4t,32.96420215959679
id_3swlrvxi7m,32.96420215959679
id_2iq9tbz4bu,32.96420215959679
id_l3hzf7xam7,32.96420215959679
id_7yfs7z6re5,32.96420215959679
id_3qj7edycff,28.659793133032153
id_zz66kjwki8,32.96420215959679
id_836ugfrmfn,32.96420215959679
id_i7eew37mck,32.96420215959679
id_bxqgoacauj,32.96420215959679
id_0804vchmvm,27.84058508130692
id_o41hevo885,32.96420215959679
id_55ynsd7iob,32.96420215959679
id_xmnors3b2p,32.96420215959679
id_i0vim21vyr,32.96420215959679
id_9q4vgsr3t8,32.96420215959679
id_nzvtf8mk2z,32.96420215959679
id_qxhc5b04ve,32.613899730357915
id_bmoknxippd,27.84058508130692
id_y7pq8dp4ut,32.96420215959679
id_7ibql8i2hn,32.96420215959679
id_tbkdhkji8c,32.96420215959679
id_2xvazzddgt,28.659793133032153
id_vo6tjecx2y,32.96420215959679
id_td1i5lcg9k,32.96420215959679
id_ruc95ajmux,32.96420215959679
id_a0at61dzen,32.96420215959679
id_0zn9uivt40,32.96420215959679
id_qlx50d8vx2,32.96420215959679
id_u6z7b5cbh4,32.96420215959679
id_qruu4eejyy,32.96420215959679
id_9vwonnifzw,32.96420215959679
id_0lnfawjnjk,32.96420215959679
id_31uzu5wcsr,32.96420215959679
id_uzija37zrh,27.84058508130692
id_z6s5np5auh,32.96420215959679
id_p084kqcwjo,32.96420215959679
id_qvm8ttfb1f,32.96420215959679
id_yzoxe0nplf,27.84058508130692
id_n95r9k6tql,32.96420215959679
id_i6gb7eojjd,32.96420215959679
id_rj99alu30y,27.84058508130692
id_qlb79248k0,32.96420215959679
id_5gr1418j07,32.96420215959679
id_mvspb7k941,32.96420215959679
id_w5jw7d4cs6,32.96420215959679
id_ksu34mhpjr,32.96420215959679
id_rwz1uudt8t,32.96420215959679
id_q22kldhur3,32.39437790153723
id_2ax9dk8j9y,33.1356116368134
id_tld5diafyf,33.1356116368134
id_do4asz4s0g,33.1356116368134
id_3alewcubl0,33.1356116368134
id_8zu910kppu,33.1356116368134
id_1s9nyk6u7a,33.1356116368134
id_l88880p40e,27.30924290379656
id_hr17wz72sy,33.1356116368134
id_cjj6ks4lan,33.1356116368134
id_16wvcdazgi,32.68267709714803
id_iq6jofmcl3,30.98764826090358
id_tdu0u91xwk,32.68267709714803
id_62jccue0vl,28.278804542493408
id_3sef84eg2u,28.278804542493408
id_w0f6u87fds,28.278804542493408
id_jwcwkcbb4n,32.68267709714803
id_sipbb762jx,28.278804542493408
id_pw524o2hj4,28.278804542493408
id_qlj4brmgs2,33.50188514887331
id_6fw4q0j9so,32.68267709714803
id_squdps1yn8,24.690322217171833
id_92ijbpy5c7,27.45959649076818
id_5mdgs1tb11,35.550155043178435
id_pq77lq5wej,28.278804542493408
id_46mfsuetx3,28.278804542493408
id_l66xs53vq0,28.278804542493408
id_edk0v1a8wn,28.278804542493408
id_nztzaid365,28.278804542493408
id_1k9uqfcnfq,32.68267709714803
id_5rcti4kobf,32.68267709714803
id_al1l3ahw7b,27.45959649076818
id_3f3rzgujod,32.68267709714803
id_fr4pynhbb8,32.68267709714803
id_rnuqsg891b,32.68267709714803
id_3qw0q1r8qa,28.278804542493408
id_o84bqle0x6,27.45959649076818
id_han5yb04s9,32.68267709714803
id_n7pgevpqei,32.68267709714803
id_j0aw1xyk9t,28.278804542493408
id_xpcbsjawvs,27.45959649076818
id_y8vz7smn74,32.68267709714803
id_xtbriixm7z,32.68267709714803
id_l47atvid60,28.278804542493408
id_gqpbs3ql9v,32.68267709714803
id_mohvibrck6,32.68267709714803
id_m2e2vhsgc5,27.45959649076818
id_6q2dw9x7y4,32.68267709714803
id_r8hora5q1m,32.68267709714803
id_chvslqlmkj,32.68267709714803
id_z8b1es3pzh,32.68267709714803
id_crc6ejtto8,32.68267709714803
id_4hw7jthh0g,27.45959649076818
id_rtp2qosss7,32.68267709714803
id_2keurz29m5,28.278804542493408
id_5f0tzdcdu0,32.68267709714803
id_6g5cbmuktq,32.68267709714803
id_njm4qcclts,28.278804542493408
id_t8gjwi01yc,27.45959649076818
id_dfcidlgn6x,27.45959649076818
id_f7whsdcam5,32.68267709714803
id_hga8rjdes3,32.68267709714803
id_32z89yhhic,28.278804542493408
id_pza69wztdl,32.68267709714803
id_ndfihwmpp8,32.68267709714803
id_v6uj9ttsd9,32.68267709714803
id_qi267vxsvl,32.68267709714803
id_oezislbogz,32.68267709714803
id_yzmptlwk5v,27.45959649076818
id_1wgvveqkxt,32.68267709714803
id_hyunf795m9,27.45959649076818
id_9vmusmwa1w,32.68267709714803
id_7set4vt1jc,27.45959649076818
id_xsuqw4qhef,32.68267709714803
id_5rb2kj08fr,32.68267709714803
id_hub405wg5o,32.68267709714803
id_1dl4uombn1,32.68267709714803
id_0m5pjvhhts,32.68267709714803
id_wh6a14b72u,36.33523445991839
id_2gcokul8h5,36.33523445991839
id_ju5045k8te,36.33523445991839
id_lx8g1rejy7,36.33523445991839
id_xdcw1447i6,36.33523445991839
id_c530clrtlp,36.33523445991839
id_7bmurid7pw,36.33523445991839
id_z2s38nz9hk,36.33523445991839
id_18o8y735s3,7.861580551432464
id_wcox1ibc1u,7.861580551432464
id_8mteyw4ej2,7.861580551432464
id_yhr9822dsa,3.287615590612856
id_kx6r0n5p65,7.861580551432464
id_yll8ps5xps,7.861580551432464
id_2ss6w9mkjs,7.861580551432464
id_dywpbbt1rz,7.861580551432464
id_2sovq337ib,3.287615590612856
id_hl6vkdm5f3,3.287615590612856
id_7rweve2gtx,7.861580551432464
id_qenwsj9ypf,7.861580551432464
id_7tr958twwi,7.861580551432464
id_4pss24du4u,7.861580551432464
id_pvxshz55hm,7.861580551432464
id_hwn7gj0gnq,7.861580551432464
id_34w3aboagp,7.861580551432464
id_slzxbjxpdd,7.861580551432464
id_s9fvyed2xl,7.861580551432464
id_ojo4ns7rvu,7.861580551432464
id_oukj9m9l5u,7.861580551432464
id_4dncovxwgl,7.861580551432464
id_lhn0wnsi4q,7.861580551432464
id_8qzxmyj6yo,7.861580551432464
id_2st0ywh4w4,7.861580551432464
id_32luqy63su,7.861580551432464
id_oew67rrlis,4.5087781058064
id_byzy2benp0,4.5087781058064
id_16qarvdtx3,4.5087781058064
id_uxi3qu4l8e,1.6538889353986816
id_vy83bxfo5s,4.5087781058064
id_z7ibc788zq,4.5087781058064
id_kbkbgy18jq,4.5087781058064
id_4zn86s4tbi,4.5087781058064
id_evx591r7y6,1.6538889353986816
id_g6ojnnx069,1.6538889353986816
id_7zixl3q2bq,4.5087781058064
id_0d9a1agg6b,4.5087781058064
id_3xt09a0de5,4.5087781058064
id_jbhh44km3c,4.5087781058064
id_5k2iegwee6,4.5087781058064
id_gibzm0hke2,4.5087781058064
id_zl5phiqojd,4.5087781058064
id_c15wxxvb75,4.5087781058064
id_dau6fb0sfx,4.5087781058064
id_z9dk6h8cfb,4.5087781058064
id_uvaqu4nzmb,4.5087781058064
id_qpglm1d719,4.5087781058064
id_ct64dm03s8,4.5087781058064
id_is4l5fwjuv,4.5087781058064
id_vh0bwrobbe,4.5087781058064
id_b0mjh0b71o,4.5087781058064
id_0bpne8ucld,4.5087781058064
id_kvvjrrryc4,4.5087781058064
id_n5ybzqzepc,4.5087781058064
id_jaimxbu1pd,4.5087781058064
id_0l0w0orygd,4.5087781058064
id_lv55afmf77,4.5087781058064
id_9mfp6fw6w6,4.5087781058064
id_tafpzgg3t4,4.5087781058064
id_tiipv7kgu2,4.5087781058064
id_kwiv66i7i5,4.5087781058064
id_nl69sct7fu,4.5087781058064
id_l74jt76ryc,4.5087781058064
id_bxgj47nybk,4.5087781058064
id_923xwmt66s,4.5087781058064
id_aq97mswwiv,4.5087781058064
id_4vrb5vlcz7,4.5087781058064
id_xayf6v05hn,1.6538889353986816
id_8pk1rf7oxo,4.5087781058064
id_sq8128da6u,4.5087781058064
id_8ihfuq3i8d,1.6538889353986816
id_87jd29uf6p,4.5087781058064
id_4xpx2dt8ki,1.6538889353986816
id_hqpr9h9axr,4.5087781058064
id_1k55ze4pps,4.5087781058064
id_2znei70wfr,4.5087781058064
id_9hhcbap87f,4.5087781058064
id_hey12d7qim,4.5087781058064
id_lh2vl46a2o,4.5087781058064
id_yr2wo25x72,4.5087781058064
id_t52himkovl,4.5087781058064
id_7tvjar0eff,4.5087781058064
id_i208pdedfj,4.5087781058064
id_d77mj6yxxd,4.5087781058064
id_jh49madd8v,4.5087781058064
id_cz441c0g6w,4.5087781058064
id_l9egn04p70,4.5087781058064
id_aof0geeadz,4.614670654330363
id_l14us4afx1,4.614670654330363
id_cyjw5nlwm3,4.614670654330363
id_gzuqpix1lm,4.614670654330363
id_z09r8zdwpl,36.33523445991839
id_avet97ghyy,36.33523445991839
id_8xxxnyrpzm,36.33523445991839
id_5mzgmww3um,29.96753239234406
id_8vxge8fi9v,36.33523445991839
id_jnw9eiv9ni,36.33523445991839
id_gaui5cuwn7,36.33523445991839
id_bk4agfxg5e,36.33523445991839
id_5si10x4q6c,29.96753239234406
id_e9emj2d53x,36.33523445991839
id_9llllv5i9s,36.33523445991839
id_mndm12zy06,36.33523445991839
id_2pxml96i79,36.33523445991839
id_oi59maxbit,36.33523445991839
id_tf7klyuj5c,36.33523445991839
id_jf1h95hidf,36.33523445991839
id_4njytufcfi,36.33523445991839
id_2zbs60m1hv,36.33523445991839
id_kbe0e397n3,36.33523445991839
id_attl7s5eit,48.68452076544746
id_jyqg51mks7,36.33523445991839
id_yvtlt4qsb5,36.33523445991839
id_ququ54p5qn,36.33523445991839
id_b3olj60ip0,36.33523445991839
id_ucm77r7n42,36.33523445991839
id_i94hu4l2he,36.33523445991839
id_sem18a4eih,36.33523445991839
id_iu4c2k0vqm,36.33523445991839
id_jez7q9vvpv,36.33523445991839
id_0g0h5fvenr,36.33523445991839
id_leyce5nz7b,36.33523445991839
id_ctiuipzphp,36.33523445991839
id_1uq7qu2no8,36.33523445991839
id_ag7p6aauq3,36.33523445991839
id_4v2gdi94ys,36.33523445991839
id_oiz391vhbb,36.33523445991839
id_dkh1dm7jv5,36.33523445991839
id_xp48k28xsx,36.33523445991839
id_8hzzltjopy,36.33523445991839
id_jxwkemji67,36.33523445991839
id_9e6zoef7pb,36.33523445991839
id_kw3reqh73r,36.33523445991839
id_i3soe2f356,29.96753239234406
id_s3sjs08z01,36.33523445991839
id_wgstp1qsjl,36.33523445991839
id_c79996j5ij,29.96753239234406
id_xyptp35mvl,36.33523445991839
id_psuhom729k,29.96753239234406
id_pow9jv5ucp,36.33523445991839
id_6wvbbh34gm,36.33523445991839
id_dt7c3hug70,36.33523445991839
id_j5p89q7hag,36.33523445991839
id_kc953hqc6u,36.33523445991839
id_lc6edh3b2s,36.33523445991839
id_9spkaqz73s,36.33523445991839
id_3htqh6ssl4,36.33523445991839
id_zc1ovm5htd,36.33523445991839
id_w7wwg1utwa,36.33523445991839
id_25epdpbix4,29.96753239234406
id_vs0hncomou,36.33523445991839
id_reegezw0zr,36.33523445991839
id_f6x16pl89y,36.33523445991839
id_9a8jkl3m2r,36.33523445991839
id_hoz5wrgxox,36.33523445991839
id_5ziz8chtiw,36.33523445991839
id_l1g99w61j0,36.33523445991839
id_40onwzmie5,36.33523445991839
id_wplsrqbqg1,36.33523445991839
id_8zk238knxs,36.33523445991839
id_0u52beiaqr,36.33523445991839
id_g8dmi5cj2u,36.33523445991839
id_qvb2pi3nbx,30.59416200084779
id_9ocs33mybq,29.96753239234406
id_le65pdwgzs,36.33523445991839
id_kj6oinfm9j,36.33523445991839
id_tiqxiw34y0,36.33523445991839
id_j5q5ukj913,30.59416200084779
id_wfsqr784ue,30.59416200084779
id_19yb602oya,29.96753239234406
id_p5abbz6sni,36.33523445991839
id_sj35fk9ewl,36.33523445991839
id_asczdnpq0c,36.33523445991839
id_bcoprnh1dh,36.33523445991839
id_4hnps4a19v,36.33523445991839
id_slby4mvn69,39.096689777720556
id_fdcwmf2mqw,36.33523445991839
id_pc2ol1dymd,36.33523445991839
id_72hn9xr2mt,36.33523445991839
id_ooylyenf74,30.59416200084779
id_7c0tvcd4mf,36.33523445991839
id_vo7qco3vo4,36.33523445991839
id_tyda8qzu9y,36.33523445991839
id_qjo74p50vb,36.33523445991839
id_qftdjlnuxo,36.33523445991839
id_8zkhvf7knd,36.33523445991839
id_zjdfiws1ze,36.33523445991839
id_km0396cm8u,29.96753239234406
id_0zb66667qv,36.33523445991839
id_xkul5db55f,36.33523445991839
id_0882wi4vll,36.33523445991839
id_vyjoukh7a3,36.33523445991839
id_mgzj7k2c88,36.33523445991839
id_mj68hapwjy,36.33523445991839
id_4k7w1huz70,36.33523445991839
id_cc5r73bssv,29.96753239234406
id_lpc3qqqc79,36.33523445991839
id_dgd25e5l5n,36.33523445991839
id_2u5h8ssj8f,36.33523445991839
id_qekvi0qhbi,29.96753239234406
id_7t5rwbvncv,36.33523445991839
id_wip1lfenhd,36.33523445991839
id_fz1zlhsz58,36.33523445991839
id_fzhszn9qgh,36.33523445991839
id_drhboq2o8f,36.33523445991839
id_67f2qgxjr4,36.33523445991839
id_c9jyqp5ts3,36.33523445991839
id_o5nsm6bufm,36.33523445991839
id_fliahadafe,36.33523445991839
id_ljzcxva3j0,36.33523445991839
id_4fg7od0p2h,29.96753239234406
id_r0bgionrrx,36.33523445991839
id_5mrclq7yja,36.33523445991839
id_v6ji6xpykj,36.33523445991839
id_gzxccfruiy,36.33523445991839
id_rch18sl7fq,36.33523445991839
id_dycgsa1kum,36.33523445991839
id_dh2z6cu6bu,36.33523445991839
id_b3ij5seund,36.33523445991839
id_tziu881h86,36.33523445991839
id_321qju313s,36.33523445991839
id_dngcm1ubxs,36.33523445991839
id_vu0rtf6isv,36.33523445991839
id_tzfx3hbsak,29.96753239234406
id_rhg9ghnbc2,36.33523445991839
id_9hkqfrhrxo,36.33523445991839
id_1s9fc94wwm,36.45333549722208
id_6l0a121qin,36.45333549722208
id_iblicy6lwk,36.45333549722208
id_galqj45a9w,36.45333549722208
id_1dg8zj0o7z,36.45333549722208
id_9x63i9uu20,36.45333549722208
id_n4mgwkvcyo,36.45333549722208
id_h9o1enzmn6,36.45333549722208
id_4utcad6z0z,32.96420215959679
id_faw7vd63nz,32.96420215959679
id_bfmddpm7dk,28.659793133032153
id_zsn1j1j2ex,28.659793133032153
id_hnknralqvw,28.659793133032153
id_j3s4dhvwvf,27.84058508130692
id_nb9skm42eu,27.84058508130692
id_e30vibg2cr,33.78341021132207
id_hr07rxuwnk,32.96420215959679
id_cckgjin8j4,27.84058508130692
id_1igqyragk7,32.96420215959679
id_pbbqks4896,32.96420215959679
id_yglxjnnnmd,33.78341021132207
id_akkkm90ju3,32.96420215959679
id_pnw5qxgci5,27.84058508130692
id_ed8b146zq4,32.96420215959679
id_dog1qrt65n,32.96420215959679
id_4iko2mf9m1,28.659793133032153
id_tf16irhnxj,32.96420215959679
id_z8dbvb7mld,32.96420215959679
id_hjojye2bnc,32.96420215959679
id_e74fkffny9,27.84058508130692
id_96r4h4wquw,32.96420215959679
id_n8zuiv730d,32.96420215959679
id_q9sf7h6id3,32.96420215959679
id_1ahz3wcpza,32.96420215959679
id_bij6rb0yyc,32.96420215959679
id_rj67797cdl,27.84058508130692
id_nfgy5cs3i7,28.11620902502371
id_2gg9612372,32.96420215959679
id_rd2ycsqjqu,32.96420215959679
id_yhyq4hrrvo,32.96420215959679
id_cugq7k2136,27.84058508130692
id_6ztrbzwf74,27.84058508130692
id_b3864dngn9,32.96420215959679
id_fslinj6lsz,32.96420215959679
id_nr59rjq353,27.84058508130692
id_f937o9uhz5,27.84058508130692
id_pdm9hc9akh,32.96420215959679
id_hlaacmpdc2,32.96420215959679
id_43l5b3qppy,32.96420215959679
id_nhboyjouon,32.96420215959679
id_e9tjlmzofe,32.96420215959679
id_uep5kutr80,32.96420215959679
id_xdu2qkcn9o,32.96420215959679
id_7xqj2zy62f,32.96420215959679
id_d3txp6ww71,32.96420215959679
id_kpr41h1gl2,32.96420215959679
id_eeu9sw0k2s,32.96420215959679
id_c20q8ikv7t,32.96420215959679
id_g8oqjuggsz,32.96420215959679
id_2nq4naxlui,32.96420215959679
id_qny2l3j2li,32.96420215959679
id_vvea9k8tgz,32.96420215959679
id_t009are3zm,27.84058508130692
id_uzuka63dnk,32.96420215959679
id_rkhciqi5gp,32.96420215959679
id_9qs0u03sne,33.78341021132207
id_beoswwa1jg,32.96420215959679
id_6yzetfd0jr,27.84058508130692
id_ip144xmrio,32.96420215959679
id_y1jzpsul42,32.96420215959679
id_irudkpu9cg,32.96420215959679
id_43ve2f04z8,32.96420215959679
id_4gby11apzd,32.96420215959679
id_brzm1fa82q,32.96420215959679
id_cikkzszzmw,32.96420215959679
id_93uc5zchkn,32.96420215959679
id_n6z1o0dpy1,32.96420215959679
id_r9li959sxm,32.96420215959679
id_om1wxt4lrr,32.96420215959679
id_kj1k62c4hk,32.96420215959679
id_x9m9yvh87r,32.96420215959679
id_xraq80851o,29.463242978228553
id_hs3bu1nmse,32.96420215959679
id_w183sk05qy,32.96420215959679
id_ctdw7mpo2o,32.96420215959679
id_ycnd040s0i,32.96420215959679
id_bhghd6qnsh,32.96420215959679
id_yly1mkkcmj,32.96420215959679
id_bhcer2s6k1,32.96420215959679
id_ts9g0trocv,27.84058508130692
id_1qto62qavh,32.96420215959679
id_0wajzy8ts6,32.96420215959679
id_wpu97wbqk7,32.96420215959679
id_zmyx8uismd,32.96420215959679
id_nlxvai48i7,32.96420215959679
id_dkdt1jrmsn,32.96420215959679
id_8kq3got9a1,32.96420215959679
id_lr3rz1e86g,32.39437790153723
id_6kzxrawpey,33.1356116368134
id_xwyw71ldzx,33.1356116368134
id_kkivrvc6dv,33.1356116368134
id_94wuxmw8rb,33.1356116368134
id_3q8sdy56bq,33.1356116368134
id_oc2m0zmgnw,33.1356116368134
id_pwx9pelurg,27.30924290379656
id_acjbfx8dti,33.1356116368134
id_eum8a3klcq,33.1356116368134
id_444jxq8ki8,36.33523445991839
id_fokwurehqu,29.96753239234406
id_20s8fncc9t,36.33523445991839
id_ifa0c3dcm4,36.33523445991839
id_bl23vucby8,36.33523445991839
id_o1949nqyfa,29.96753239234406
id_y3f4c5fs4z,29.96753239234406
id_kdox62iiap,36.33523445991839
id_r8f5l77m7z,36.33523445991839
id_6xieqd6sjk,36.33523445991839
id_g3poszpaqe,36.33523445991839
id_tv3dx937tm,36.33523445991839
id_kufhei9qi0,36.33523445991839
id_6xvj9dnlf9,36.33523445991839
id_977w9neez7,36.33523445991839
id_74zzcs47si,36.33523445991839
id_dkzrsecwur,36.33523445991839
id_fzaay03gtj,36.33523445991839
id_2qlkll1nti,36.33523445991839
id_dkxo29nkhe,36.33523445991839
id_8z4hu1lzg6,36.33523445991839
id_bketz8ikkp,36.33523445991839
id_qbn6ng2ro0,36.33523445991839
id_pa1p75uuos,36.33523445991839
id_hgfifx9q4q,36.33523445991839
id_kqxhxu0vxw,36.33523445991839
id_eso5h6en02,36.33523445991839
id_tcnlwhm6by,36.33523445991839
id_2jgdesoznn,36.33523445991839
id_q1prt1nt1v,36.33523445991839
id_bpey1bdu4z,36.33523445991839
id_0f17xoy417,36.33523445991839
id_benw0ms5bl,36.33523445991839
id_ovvvd62h5n,36.33523445991839
id_8w0x0v8vc8,36.33523445991839
id_sr7nmu5cq5,36.33523445991839
id_uz69dxquyc,29.96753239234406
id_058qup1czp,36.33523445991839
id_9xdm5pzodn,36.33523445991839
id_9xiabniu8d,29.96753239234406
id_e8ov3f0ec6,29.96753239234406
id_ztov1dasd7,36.33523445991839
id_u0dv0t4gc6,29.96753239234406
id_vaexseqp4z,36.33523445991839
id_5e4jtn2k5u,36.33523445991839
id_g1f5h70z60,36.33523445991839
id_ei0npa3d51,36.33523445991839
id_w73v97w9dd,36.33523445991839
id_d01h6zb0k7,36.33523445991839
id_hajvhq9a9k,36.33523445991839
id_wfej53asol,29.96753239234406
id_wkxp2kkhas,36.33523445991839
id_4nx3hdlk3f,36.33523445991839
id_tvruaym3ou,36.33523445991839
id_mdja9rpbvi,36.33523445991839
id_v3lg566peh,36.33523445991839
id_5a7one1voe,36.33523445991839
id_uzwhiiojkc,36.33523445991839
id_13zxbv2bo6,36.33523445991839
id_ex6nijku46,36.33523445991839
id_7dpkk65nit,36.33523445991839
id_g3bd1hun07,36.33523445991839
id_suwhca6van,36.33523445991839
id_nxc1tmyyss,29.96753239234406
id_eikgi2kr2q,29.96753239234406
id_n4o71g7yok,36.33523445991839
id_mpq671lkla,36.33523445991839
id_k8se7sutpt,36.33523445991839
id_i92idl2arl,30.59416200084779
id_5ingz959i0,30.59416200084779
id_bgw3i6wwpf,36.33523445991839
id_80ixty8tal,37.33697392239876
id_0a4e9fjk97,36.33523445991839
id_lbmmt6ea89,36.33523445991839
id_c3flrt1zuh,36.33523445991839
id_cvs2kktyxu,36.33523445991839
id_7mtozwwc20,39.096689777720556
id_dq086pe2mx,36.33523445991839
id_3oa251xapn,36.33523445991839
id_felfdwexf7,36.33523445991839
id_hxzxzh2uah,29.96753239234406
id_7e9nhjb559,36.33523445991839
id_yjzowwtt3y,36.33523445991839
id_kc77exs6rd,36.33523445991839
id_du9zmbgca2,36.33523445991839
id_j4jhp6ymgs,36.33523445991839
id_m5the81w7o,36.33523445991839
id_1s8k0qheno,36.33523445991839
id_b6q1wkhds2,29.96753239234406
id_cz225gdeoi,36.33523445991839
id_8lkvzskxdi,36.33523445991839
id_t301lndtpe,36.33523445991839
id_uzuzt5hcyv,36.33523445991839
id_6n47hvxwoz,36.33523445991839
id_294fhgybq2,36.33523445991839
id_pvdki2lfbt,36.33523445991839
id_5yosfti35o,29.96753239234406
id_tsf2ykay6m,36.33523445991839
id_pddkles1x0,36.33523445991839
id_ypzvugg3as,29.96753239234406
id_ol8i7nv30f,36.33523445991839
id_md132uwbf7,36.33523445991839
id_b2y24168l7,36.33523445991839
id_4yvwmu8cxe,36.33523445991839
id_tmy3b6ts38,36.33523445991839
id_cbq3vn3m3o,36.33523445991839
id_a8umfjb1ge,36.33523445991839
id_8oqx4hgwe7,36.33523445991839
id_y5f8v3s580,36.33523445991839
id_6kf89wa993,36.33523445991839
id_h7yzht6wq0,29.96753239234406
id_95brnbo0jo,36.33523445991839
id_4hb5judkxv,36.33523445991839
id_xun5oyhgjo,36.33523445991839
id_kckpnat31g,36.33523445991839
id_otccfrhvvi,36.33523445991839
id_jn6u5c5cjp,36.33523445991839
id_v933ue7kf5,36.33523445991839
id_mc2i376rld,36.33523445991839
id_9r05mz0idm,36.33523445991839
id_3wfdiqgoxw,36.33523445991839
id_c1n58uu252,36.33523445991839
id_7p5lepxj6a,36.33523445991839
id_lrkr587gkp,29.96753239234406
id_kvnb8ekvum,36.33523445991839
id_mqv32adp5x,36.33523445991839
id_20korskh6j,36.45333549722208
id_78f1la773c,38.4789373293857
id_9jtdzf7kcs,36.45333549722208
id_52juzapqcw,36.45333549722208
id_li4wcjkc21,36.45333549722208
id_bwle5dl0sg,36.45333549722208
id_7jqcpniwxn,36.45333549722208
id_5jbtohx3rn,36.45333549722208
id_odokt2hr7x,37.04615383007122
id_kw3winhwi7,32.96420215959679
id_jj9rbh612v,32.96420215959679
id_26j0qg7uea,32.96420215959679
id_ycnpcmmjh1,32.96420215959679
id_7vaqpmlhsv,28.659793133032153
id_c9cup5eoxe,32.96420215959679
id_rxl64ozpc8,32.96420215959679
id_wlrwnnkbc4,27.84058508130692
id_5v07yr6kc5,32.96420215959679
id_twzj5jj66k,32.96420215959679
id_72mxu4su0c,32.96420215959679
id_c25uc85sjo,32.96420215959679
id_ouv903vao3,32.96420215959679
id_zyln20zouy,32.96420215959679
id_gl5zw040r9,32.96420215959679
id_g8wutb862i,32.96420215959679
id_s8gpkg7qj6,32.96420215959679
id_rmsthvc1sd,32.96420215959679
id_ke99qjo5z4,27.84058508130692
id_77oq3gka82,32.96420215959679
id_d4rug7fs73,32.96420215959679
id_0q4rgwhh5j,32.96420215959679
id_6a84c2y7xm,32.96420215959679
id_6q6h59e1he,32.96420215959679
id_dv8a63xtc0,33.78341021132207
id_27ono5yevj,27.84058508130692
id_v2r3sg9n1j,32.96420215959679
id_3p8yrwj992,32.96420215959679
id_wk8q5ydpwc,32.96420215959679
id_xddq8x5dw6,32.96420215959679
id_sharv68cbo,32.96420215959679
id_98fux0thhz,32.96420215959679
id_ago3payk3b,32.96420215959679
id_2bmny3x2l9,32.96420215959679
id_br2ieejs8c,32.96420215959679
id_weseav1xhv,32.96420215959679
id_qwf1i3cj7r,32.96420215959679
id_4fdnb4eyjk,32.96420215959679
id_khcy0c8nrh,27.84058508130692
id_kjsl8ka1vy,32.613899730357915
id_1s4emym39i,32.96420215959679
id_cfswxplen7,32.96420215959679
id_ri3sgqw5vk,27.84058508130692
id_w8xmcsup55,32.96420215959679
id_oskrymtnrz,32.96420215959679
id_a5nzunklam,27.84058508130692
id_okj6k5qcws,32.96420215959679
id_ja07tx0n94,32.96420215959679
id_1cu5omuey9,32.96420215959679
id_ph274c2i2p,32.96420215959679
id_sx300bfhv2,32.96420215959679
id_xlkeen4coj,32.96420215959679
id_bhdjsv4g5r,32.96420215959679
id_doxq14mqw3,32.39437790153723
id_fbog8w5ysl,33.1356116368134
id_nf1gsgtgns,33.1356116368134
id_10f0mij1yf,33.1356116368134
id_m5e0u3d68x,33.1356116368134
id_x6l5iwtgrd,33.1356116368134
id_eyx4q4fnev,33.1356116368134
id_4lfxjvfjkw,27.30924290379656
id_32u710vh61,33.1356116368134
id_zsw4618nnl,33.1356116368134
id_tzdmb15txs,27.84058508130692
id_6ngwi1vl1h,32.96420215959679
id_cqm8i6ol8g,28.659793133032153
id_l7eneup5t0,28.659793133032153
id_sfbjw9ec2z,27.84058508130692
id_j7jqrbwmi0,32.96420215959679
id_wwdzrwgr58,32.96420215959679
id_kk82r8fpuh,32.96420215959679
id_wat59la3q6,33.78341021132207
id_xhxsyxysbf,33.78341021132207
id_actuxo4gmq,27.84058508130692
id_6qitjn8c8r,27.84058508130692
id_jdquy1lxet,32.96420215959679
id_g5325vgzzt,32.96420215959679
id_c4zrpwzc4a,28.659793133032153
id_t5anmg4v7v,27.84058508130692
id_9af0ydgl1s,32.96420215959679
id_9wwxdbqekl,32.96420215959679
id_dtzemr8b33,32.96420215959679
id_qye7rb9bbu,32.96420215959679
id_1s38ze4v8w,32.96420215959679
id_1doz4c69ph,27.84058508130692
id_18tg20wg54,32.96420215959679
id_mf6s46v1uw,32.96420215959679
id_krkw3iqkf6,32.96420215959679
id_tcql7qm01y,32.96420215959679
id_czit7flk3p,32.96420215959679
id_67vafahcsb,27.84058508130692
id_ocawwzqkj7,32.96420215959679
id_6hwobiyszp,32.96420215959679
id_3hit2vt54g,32.96420215959679
id_kxjx8xtw71,32.96420215959679
id_ujvrrf4kx0,27.84058508130692
id_p7m9x0qpi5,32.96420215959679
id_b2w6gxhazp,32.96420215959679
id_0glwf1vle0,28.659793133032153
id_h52hj66b1j,32.96420215959679
id_3ykb55avzl,27.84058508130692
id_4140yukx35,28.659793133032153
id_ejschtytb2,32.96420215959679
id_bt8l5o5bpc,27.84058508130692
id_01tyqteuzb,32.96420215959679
id_xxtlit8f06,32.96420215959679
id_neowy957qe,32.96420215959679
id_ld5ad63fk4,32.96420215959679
id_9wphwvxjbh,32.96420215959679
id_bjwf0gk35g,32.96420215959679
id_nk6t94cwcj,32.96420215959679
id_c00v9db3kd,32.96420215959679
id_qljfbbues6,32.96420215959679
id_8l8rdvtd4z,32.96420215959679
id_ucd95ihefb,32.96420215959679
id_1h25lc42la,32.96420215959679
id_7rkgygr8my,32.96420215959679
id_qrzcnk9cb7,32.96420215959679
id_3osclzuma1,28.659793133032153
id_j7yo6gfpr7,32.96420215959679
id_m8zu1vzawt,32.96420215959679
id_bjboh76f83,32.96420215959679
id_msmgdqfiqk,32.96420215959679
id_9d9nc0plgr,32.96420215959679
id_fnstzi3enk,27.84058508130692
id_3h9gnh7is5,32.96420215959679
id_ymoxc4wuvj,32.96420215959679
id_diweogvo4x,32.96420215959679
id_wl3mu9y4pt,28.659793133032153
id_cypiwo10y6,32.96420215959679
id_qh3anhhrlw,27.84058508130692
id_83z9c83r5i,32.96420215959679
id_s1phnl1iyl,32.96420215959679
id_uqoypd8y4s,32.96420215959679
id_e1c84vnzi4,32.96420215959679
id_duvrjwe7j4,32.96420215959679
id_cpaolr5w71,27.84058508130692
id_0gez5n5up3,32.96420215959679
id_4dxpvc7v0t,27.84058508130692
id_wy3b3kwp1u,32.96420215959679
id_kcz6mx2ftd,32.96420215959679
id_s2azjdfda4,32.96420215959679
id_7zq37bq2m9,27.84058508130692
id_80ps7kboqo,32.96420215959679
id_wdp8cocu50,32.96420215959679
id_gxnloqrtfy,32.96420215959679
id_98zx0ydmal,32.96420215959679
id_ikydapbjg4,32.96420215959679
id_x9csxregb4,32.96420215959679
id_x726sqebnc,32.96420215959679
id_embux96a8d,32.96420215959679
id_n3zi21eakt,32.96420215959679
id_cmzvbp4gp1,32.96420215959679
id_lh42zi0nvd,27.84058508130692
id_lq6ofubnzh,32.96420215959679
id_ak1gmocab7,32.96420215959679
id_j2qbzdu60r,32.96420215959679
id_4s7frhrx0s,32.96420215959679
id_swwnl6ehwx,32.96420215959679
id_0dzgrhmq0i,32.96420215959679
id_bblmv4qbuz,32.96420215959679
id_ns1udfi49f,28.659793133032153
id_3t4mu9h9h8,32.96420215959679
id_np2i3652hs,33.890321282767964
id_0m1hyk0i2t,32.96420215959679
id_47086vwi8b,32.96420215959679
id_w1v8rlefq7,32.96420215959679
id_p24h3f2r8x,32.96420215959679
id_dlxm63a09x,32.96420215959679
id_ri94vbx6vg,32.96420215959679
id_wi9j0eune9,33.1356116368134
id_0z2yz02gho,27.30924290379656
id_013dywijcw,33.1356116368134
id_whd8ue3507,33.1356116368134
id_wmd6txw3qp,33.1356116368134
id_2uo9nruooa,33.1356116368134
id_cmezkcvthd,27.30924290379656
id_k00w57rr6l,33.1356116368134
id_rm817jen6a,33.1356116368134
id_l2wquc1lyf,32.96420215959679
id_f2ayymfg06,28.659793133032153
id_2xwro4u4ib,28.659793133032153
id_s4gcy5ldea,28.659793133032153
id_llxl5vedjd,28.659793133032153
id_ra9rzjf8cs,33.78341021132207
id_06it7wxay5,32.96420215959679
id_p358wai3ar,27.84058508130692
id_63q6x7rc50,32.96420215959679
id_yrqlregvfr,32.96420215959679
id_6ey2mcbqfl,33.78341021132207
id_xz9gud04ug,32.96420215959679
id_upa56c1xqo,27.84058508130692
id_apci48cec9,27.84058508130692
id_ivaqozbhfz,32.96420215959679
id_5r9lkzxt5l,32.96420215959679
id_q9fyy5hlug,27.84058508130692
id_fia47n8arx,32.96420215959679
id_c8ytbvxreg,32.96420215959679
id_715d169b93,32.96420215959679
id_i41soezu3u,32.96420215959679
id_ghl9lkmkbc,27.84058508130692
id_jhwg78mhs2,27.84058508130692
id_mbp1opp105,32.96420215959679
id_tpecaex89x,32.96420215959679
id_gkqkcuvhn0,32.96420215959679
id_jl7cx8vnrz,27.84058508130692
id_z22ai1ufxc,32.96420215959679
id_cf9eqd8nio,27.84058508130692
id_4nvfqr7bwz,32.96420215959679
id_styx2evpu7,32.96420215959679
id_r4qfxsd6qk,28.659793133032153
id_6ula6jqx2d,32.96420215959679
id_ab11cvvhj1,32.96420215959679
id_lru4a7apze,32.96420215959679
id_1h8qiqvba3,32.96420215959679
id_jocn99q8x8,27.84058508130692
id_yqd8by9too,28.659793133032153
id_3vo780asu2,27.84058508130692
id_t8qspqxocv,32.96420215959679
id_fxt49fthrg,32.96420215959679
id_9hsvvxccfs,32.96420215959679
id_mdox4e1wm7,32.96420215959679
id_e0v37gnrdc,32.96420215959679
id_4higx88y8s,32.96420215959679
id_dzdczy4694,32.96420215959679
id_b9cls7es48,32.96420215959679
id_ii1b1vx3v6,32.96420215959679
id_qjkp2dhlfd,32.96420215959679
id_4tycdb5q0i,32.96420215959679
id_enssz42xj6,32.96420215959679
id_j2lnxkjgor,32.96420215959679
id_d1kz51qzme,32.96420215959679
id_93y706i4uo,32.96420215959679
id_uo33uxmu30,32.96420215959679
id_42uhyp7b1d,32.96420215959679
id_557lj2gncx,32.96420215959679
id_g646xm5v36,32.96420215959679
id_3u2zh5sctj,32.96420215959679
id_88m5txqfk0,32.96420215959679
id_636veo7myp,32.96420215959679
id_mw8i11x4p5,32.96420215959679
id_i01umxhgoi,27.84058508130692
id_7htzho5nfe,32.96420215959679
id_rqvyvvqjjo,32.96420215959679
id_3sw1g6ujkh,32.96420215959679
id_7koyjh6lyz,32.96420215959679
id_h33dmmxmxt,32.96420215959679
id_b4zqx3ey2e,32.96420215959679
id_rigbnum9jj,32.96420215959679
id_hwnk2tvpjh,32.96420215959679
id_3djm31ze2k,32.96420215959679
id_y1b1v2oco9,28.659793133032153
id_uiiqit3mio,27.84058508130692
id_qjv34s9tgs,32.96420215959679
id_mw1dkfs5o5,32.96420215959679
id_zgolsofwkv,32.96420215959679
id_gntve7cvte,33.78341021132207
id_mv1hwwypf2,32.96420215959679
id_66vowuru12,27.84058508130692
id_718x53xw5l,32.96420215959679
id_y5duq02fcq,32.96420215959679
id_nabflglwpr,32.96420215959679
id_m8gl9o5dbz,32.96420215959679
id_s0yzedmwy0,32.96420215959679
id_n4zpk50eng,27.84058508130692
id_bf0mqyujkg,32.96420215959679
id_db6l9ymytu,27.84058508130692
id_zzhsplt3ae,27.84058508130692
id_gxvybxvz61,32.96420215959679
id_2hrjgfgo5c,27.84058508130692
id_qnvbhvfvfh,32.96420215959679
id_f4j4e8toay,32.96420215959679
id_yh8x8izood,32.96420215959679
id_r9gbkhu2zs,32.96420215959679
id_hzuko4hsbs,28.659793133032153
id_4akcsf7v23,32.96420215959679
id_y4a4bry0za,32.96420215959679
id_juefa18khg,32.96420215959679
id_8pg965n9uh,32.96420215959679
id_c1qncxdk14,32.96420215959679
id_fxdpjby57j,32.96420215959679
id_maxuuv6qwy,32.96420215959679
id_hqp1zmq2rl,32.96420215959679
id_7mmcd60iqp,32.96420215959679
id_5f3qz4huj9,32.96420215959679
id_m6vn47j4ge,32.96420215959679
id_mkyjtq0uj7,32.96420215959679
id_dd1qog5gsu,27.84058508130692
id_yltiy4ct4b,32.96420215959679
id_l7g3rwiyu1,32.96420215959679
id_y0nex8ki95,32.96420215959679
id_trj4ropjy6,32.96420215959679
id_xkfnw0mcvh,32.96420215959679
id_j7zs6cpw42,32.96420215959679
id_o55nqbxkhg,32.96420215959679
id_l3neq81nk8,27.84058508130692
id_ft7ki0jjoc,32.96420215959679
id_1doie955wo,32.96420215959679
id_pap3jy3v7v,32.96420215959679
id_64zbc8ou3g,32.96420215959679
id_1ssvmd37d4,32.96420215959679
id_5i93sdabtx,32.96420215959679
id_5oej7jiuyx,32.96420215959679
id_es0jy27ww2,32.96420215959679
id_ze9u1sfrwl,33.1356116368134
id_3y84kki549,33.1356116368134
id_glm9sjal1a,33.1356116368134
id_kjp8dcqhsa,33.1356116368134
id_2s4n7u9qbe,33.1356116368134
id_57l2n9hbxk,33.1356116368134
id_0rmqw3hqow,27.30924290379656
id_uc46nrbgzu,33.1356116368134
id_zck6gqoy8o,33.1356116368134
id_kmohqwxbue,36.76911592379642
id_dswkvfgg96,36.76911592379642
id_72kefc7g3s,31.207676505094195
id_fsdqdwkhec,31.207676505094195
id_yaf7kh6asz,31.207676505094195
id_d3xd7t76g8,30.388468453368947
id_ekxnkkalys,36.76911592379642
id_foo1qhnhh4,31.207676505094195
id_4gaub27eaz,31.207676505094195
id_u8ysh8pwg1,31.207676505094195
id_zwxals7wca,30.388468453368947
id_qs4s1l5v79,37.588323975521675
id_k5fj3oay3x,36.76911592379642
id_3bwp89pu3m,31.207676505094195
id_e9eglkp5vv,30.388468453368947
id_t4qjrlzxns,30.388468453368947
id_kn8xo43og2,36.76911592379642
id_48859izqh3,37.588323975521675
id_9967xanbmk,31.207676505094195
id_eh3ys96anu,31.207676505094195
id_5bgqsh9x4k,30.388468453368947
id_jwouft46is,36.76911592379642
id_3ck9tvimgh,36.76911592379642
id_n6s7duali8,31.207676505094195
id_6kgl1almmg,30.388468453368947
id_gxefptsqvq,36.76911592379642
id_ygnr1sn381,36.76911592379642
id_v3y11kgwad,36.76911592379642
id_q2fgzp3xx3,36.76911592379642
id_s7k292eya7,30.388468453368947
id_jt2rysim4p,30.388468453368947
id_yn9vzuflej,30.388468453368947
id_362cko5nwx,36.76911592379642
id_d9dv3lr4k1,36.76911592379642
id_10un4lyvek,30.388468453368947
id_z0j05634v8,36.76911592379642
id_txhxlogsxn,31.207676505094195
id_18c3488pxk,36.76911592379642
id_la1ypixght,36.76911592379642
id_t9njgxp6v6,36.76911592379642
id_b8yn1i9rx8,36.76911592379642
id_o2y4vg1agv,36.76911592379642
id_fvx3zhir92,36.76911592379642
id_nfj7rfs9a1,30.388468453368947
id_b9q3y3r7t3,31.207676505094195
id_yio3jfuvmy,30.388468453368947
id_54qfk101o1,36.76911592379642
id_vox6mwiloh,36.76911592379642
id_u1xceey131,30.388468453368947
id_dxpgh1o1t3,36.76911592379642
id_2ujws46vir,36.76911592379642
id_2n7hyhtkrb,36.76911592379642
id_4779bmeme0,36.76911592379642
id_b3eztfwajg,36.76911592379642
id_f33f3mdfla,36.76911592379642
id_xkpq6na5ee,36.76911592379642
id_3ihace1d7c,30.388468453368947
id_z6wylocn17,36.76911592379642
id_pm68i3c3wd,36.76911592379642
id_trjqjao4jd,36.76911592379642
id_1w15d7g4ge,36.76911592379642
id_3aici5cdi6,36.76911592379642
id_kbloxrog5z,36.76911592379642
id_ovmpiycff0,36.76911592379642
id_ly3xdcti5t,36.76911592379642
id_qb0ptrppyi,43.22437754911821
id_wxb5nd3qgd,36.76911592379642
id_1ry1ir7o6d,36.76911592379642
id_6wbo7y25e7,36.76911592379642
id_tse3bpfaes,30.388468453368947
id_9n988uuhtq,36.76911592379642
id_nzhdqdkc5b,36.76911592379642
id_4gabr5bciq,31.207676505094195
id_dc61oe5crn,36.76911592379642
id_7lbdu1bryj,36.76911592379642
id_mhqk3070i7,36.76911592379642
id_thtyylis4v,36.76911592379642
id_5iiheoohcw,36.76911592379642
id_vjiqa7ykcq,36.76911592379642
id_638vs5aq61,31.207676505094195
id_6cjnt5825x,30.388468453368947
id_534km866kg,30.388468453368947
id_fzkvzetszz,36.76911592379642
id_uwuc9e0lop,36.76911592379642
id_ncfz0o03wc,37.588323975521675
id_1sd88o70w0,36.76911592379642
id_9q3xoxtkc5,30.388468453368947
id_9xf47hwalo,36.76911592379642
id_c9e6k7t8xv,36.76911592379642
id_60hy4zghxo,36.76911592379642
id_vcj2pr28k2,36.76911592379642
id_nik15zq29r,36.76911592379642
id_gbsfx2i90n,30.388468453368947
id_sm9wfzdrfb,36.76911592379642
id_wa0hhql9xd,36.76911592379642
id_xyicbz69wn,30.388468453368947
id_fzfp1gfiyc,36.76911592379642
id_6jd6rh3joo,30.388468453368947
id_hohuu1719a,36.76911592379642
id_45rgo61j3e,36.76911592379642
id_x29n2ig0by,36.76911592379642
id_6pqpt4bc2y,36.76911592379642
id_kix768jdnh,36.76911592379642
id_p4u0awuwyi,36.76911592379642
id_5pkc8dc3pp,36.76911592379642
id_o8g3g3fyi1,36.76911592379642
id_gwi1towzf6,36.76911592379642
id_tl446ky5so,36.76911592379642
id_fv0k1xke9b,36.76911592379642
id_17qgwq8hor,36.76911592379642
id_h169vb8h8d,36.76911592379642
id_vuv2g91m7z,36.76911592379642
id_o62drksqmp,36.76911592379642
id_uvitqz5bhf,36.76911592379642
id_x1v4xuet0h,36.76911592379642
id_jr4seoen2w,30.388468453368947
id_q1efjaqgq0,30.388468453368947
id_ji3o8np61b,36.76911592379642
id_vp8mci8xh0,36.76911592379642
id_x5f7i7wjcu,36.76911592379642
id_eej779rshs,36.76911592379642
id_l9g1xrh5vp,36.76911592379642
id_9qz231bbzd,36.76911592379642
id_3jf3q7rnyi,30.388468453368947
id_y2oiminmvu,36.76911592379642
id_kj1d4jsmhg,36.76911592379642
id_b9dbh7l628,36.76911592379642
id_qkxd74j593,36.76911592379642
id_f9aer27ojz,36.76911592379642
id_v6ovtq73uh,30.388468453368947
id_dha8u73072,36.76911592379642
id_5cdrvce6lw,36.76911592379642
id_05y9wpsdwc,36.80664312286921
id_ty03p4f7jh,36.80664312286921
id_4rxcuqqsqp,41.91988935448379
id_x8pk6xpjba,36.80664312286921
id_rjgh33lh9s,36.80664312286921
id_07eag0levd,30.542452049439984
id_vxesong654,36.80664312286921
id_14j7bt588k,36.80664312286921
id_f63m71zrb3,32.96420215959679
id_o0xatx0hcr,32.96420215959679
id_96xc5f8bgh,32.96420215959679
id_0t0yv19f1q,27.84058508130692
id_dih5frts8q,32.96420215959679
id_trmmfm32qe,27.84058508130692
id_hu3sq815oq,27.84058508130692
id_cxfmqit9ap,32.96420215959679
id_7izfmpd326,32.96420215959679
id_qd0tkswd2a,27.84058508130692
id_otlb3hargz,27.84058508130692
id_st47fowvrj,32.96420215959679
id_4h4pdth392,32.96420215959679
id_g8trb7wy8n,28.659793133032153
id_1wx11gvom9,28.659793133032153
id_rvq5ol3w4x,27.84058508130692
id_7sttnrbjre,32.96420215959679
id_pip7eoyzmk,32.96420215959679
id_lb56ukrqt0,32.96420215959679
id_0hyearkq6o,28.659793133032153
id_mr6v3oygt6,28.659793133032153
id_yzbu3830gx,28.659793133032153
id_94p4j6yomt,27.84058508130692
id_53xsefo8ab,32.96420215959679
id_ymuv4r55o4,28.659793133032153
id_nqkiglgq9k,28.659793133032153
id_q6e19plrfx,28.659793133032153
id_poxowfpijt,27.84058508130692
id_qgt2oyneg3,33.78341021132207
id_kr9teempq0,32.96420215959679
id_q43rzgs3e5,27.84058508130692
id_uk0j14fgpq,27.84058508130692
id_h45ejiaqqh,27.84058508130692
id_u08b48hrcu,32.96420215959679
id_jdgiv3t50o,33.78341021132207
id_8h5gfrz1ja,28.659793133032153
id_mslk5ay6w0,27.84058508130692
id_y3hecd28lq,27.84058508130692
id_9cmmjowuen,32.96420215959679
id_3clagfxagj,32.96420215959679
id_8sttc3ns1m,28.659793133032153
id_uv4kyh58kt,27.84058508130692
id_zmu5hapnm7,32.96420215959679
id_ybt3e2qbt8,32.96420215959679
id_yvdig97vvd,32.96420215959679
id_wbsyjlsxkt,32.96420215959679
id_39gbv940fx,27.84058508130692
id_78sb1wtf1t,32.96420215959679
id_o191u62lgc,27.84058508130692
id_na0qbpl8m9,32.96420215959679
id_daa5h53t2o,32.96420215959679
id_z1zg8tcsm5,32.96420215959679
id_dkvf88hlsn,32.96420215959679
id_qltsdtf4pb,27.84058508130692
id_rcnbilmlv3,32.96420215959679
id_rjcx3o5cyf,32.96420215959679
id_dcvlcfgert,32.96420215959679
id_jujywo4op0,32.96420215959679
id_dgbg639yj9,32.96420215959679
id_rifhty9d4h,32.96420215959679
id_4cz74rv8a0,32.96420215959679
id_rjuh3wooi0,32.96420215959679
id_26raoqfw3b,32.96420215959679
id_yleyy5sp4g,27.84058508130692
id_7lq42pqlpp,27.84058508130692
id_x2m1scwodc,32.96420215959679
id_fs6ppj71si,32.96420215959679
id_0kq8v62wnx,32.96420215959679
id_qrf9ul8pfd,27.84058508130692
id_7k9rf681ac,32.96420215959679
id_0urpsxojw7,27.84058508130692
id_oj7le10r8n,32.96420215959679
id_8w44b89inq,32.96420215959679
id_jooksgf7r5,28.659793133032153
id_zjwzzwzjvp,32.96420215959679
id_hit20lvy91,32.96420215959679
id_yjzrxrwvr1,32.96420215959679
id_ba1airy6ru,32.96420215959679
id_fatkzdj52m,27.84058508130692
id_h6j3ijc59m,28.659793133032153
id_r29rhi7ayb,27.84058508130692
id_n2328yoyny,32.96420215959679
id_2i3htqk8wu,32.96420215959679
id_y8t6iz10zy,32.96420215959679
id_j2xlsmt1az,32.96420215959679
id_zul4loljtn,32.96420215959679
id_5lfy1u1m5t,32.96420215959679
id_4r448lp054,32.96420215959679
id_ks3yurf69t,32.96420215959679
id_xlx05ev9ep,32.96420215959679
id_ybqhvfmvb4,32.96420215959679
id_osbg0v4o7k,32.96420215959679
id_34amm2jgt1,32.96420215959679
id_651jn1ycqz,32.96420215959679
id_bjh20jwc0s,32.96420215959679
id_ev56qyrn6d,32.96420215959679
id_8zf79ts7q8,32.96420215959679
id_fsat380gb4,32.96420215959679
id_5y6h6w77t4,32.96420215959679
id_ux3m69xsv5,32.96420215959679
id_4y4b5x6oqs,32.96420215959679
id_4cmqu4avth,32.96420215959679
id_gd9bm0av1u,32.96420215959679
id_wkp093zyqi,32.96420215959679
id_ubo7o5c61g,27.84058508130692
id_da2q2o7k02,32.96420215959679
id_sfcmtklyr8,32.96420215959679
id_qon3ototf6,28.659793133032153
id_b1pwwzubs1,32.96420215959679
id_idrbyq1iwo,32.96420215959679
id_eo5tner8f9,32.96420215959679
id_dsl16jenz6,32.96420215959679
id_v5frf00iux,32.96420215959679
id_tijwl63sul,32.96420215959679
id_4nertyfo2z,28.659793133032153
id_1h3y0ycsbh,27.84058508130692
id_5ew52k2xfs,32.96420215959679
id_c1hedne5tu,32.96420215959679
id_drxgi1b55w,32.96420215959679
id_b764z0tp5c,33.78341021132207
id_n3ksb769k6,32.96420215959679
id_jvruvalbrm,27.84058508130692
id_qv4ehj6p1w,32.96420215959679
id_jxdgurw8vk,32.96420215959679
id_2ymafuhxw9,32.96420215959679
id_xgqoe9srqb,32.96420215959679
id_swi6t9g6aj,32.96420215959679
id_ttjz1pj6fm,27.84058508130692
id_8xv38j3a4z,32.96420215959679
id_yrqtamezkd,32.96420215959679
id_dzmpo7xtkf,27.84058508130692
id_u98r20l7ih,32.96420215959679
id_15w4tm2lvc,27.84058508130692
id_f2rhz6xl9n,32.96420215959679
id_so3qn2op6b,32.96420215959679
id_j5evcz5irl,32.96420215959679
id_4hfhscd1n7,32.96420215959679
id_akaaqo1io1,32.96420215959679
id_677lexrm68,32.96420215959679
id_4555ud3olu,32.96420215959679
id_b0q1fq9sgn,32.96420215959679
id_lbljktjgzg,32.96420215959679
id_ph7h4vs00p,32.96420215959679
id_8k0yeqq8re,32.96420215959679
id_0z3pcoyibd,32.96420215959679
id_riellbxfqz,32.96420215959679
id_22067fyb6o,32.96420215959679
id_fcxnbnpbtq,32.96420215959679
id_058r7cipy5,32.96420215959679
id_58g26ly3b3,27.84058508130692
id_hfta2jdk0t,27.84058508130692
id_l0z16v7e6t,32.96420215959679
id_z696ot1p1u,32.96420215959679
id_ok22kq81e3,32.96420215959679
id_8c4sb9ee7u,32.96420215959679
id_j83bo3ks17,32.96420215959679
id_8vcb1z1tah,32.96420215959679
id_cfy6d3jhx7,27.84058508130692
id_krv1ca6cfb,32.96420215959679
id_3d0miob1p5,32.96420215959679
id_iib9ayuluh,32.96420215959679
id_t5k9sx5xqf,32.96420215959679
id_zkw0mo1z9v,32.96420215959679
id_sjwqgvoa6l,32.96420215959679
id_vzxomw7xu0,32.96420215959679
id_ig9ksmea4f,32.96420215959679
id_p70jdvpgtu,33.1356116368134
id_m0gtw6nh7p,33.1356116368134
id_i0y6y5f0km,33.1356116368134
id_hyf3spl0wf,33.1356116368134
id_rshwplefjs,33.1356116368134
id_3b0x2a5kdq,33.1356116368134
id_7d9vzan37b,28.1284509555218
id_1ma4lggm82,33.1356116368134
id_pym8ooemqb,33.1356116368134
id_b0ww1vi7ut,32.96420215959679
id_43huts58gh,27.84058508130692
id_ivuzjmumge,27.84058508130692
id_643x1kcl8a,32.96420215959679
id_8c62htwyf0,32.96420215959679
id_gbcegwehwb,32.96420215959679
id_hx6qnu01o7,32.96420215959679
id_r69gk2kevv,27.84058508130692
id_rfr69eoy4e,32.96420215959679
id_p815xbtmh2,32.96420215959679
id_q4htbc3mv4,28.659793133032153
id_3qu1qg5an9,32.96420215959679
id_jxt2raj564,32.96420215959679
id_whkxth8443,32.96420215959679
id_r5h0grolrb,32.96420215959679
id_gqz444p0t4,32.96420215959679
id_cm6tbu9klf,32.96420215959679
id_6gaw1mpb98,32.96420215959679
id_mi6cveknqi,32.96420215959679
id_hrztm9t3ga,32.96420215959679
id_2f9mvhe5a3,32.96420215959679
id_yrz4dphzc1,32.96420215959679
id_zngjgoo2dk,27.84058508130692
id_pxwxzopg5w,32.96420215959679
id_c40jzd2xtz,32.96420215959679
id_h0w3y9kfum,33.78341021132207
id_78loal24ig,32.96420215959679
id_a6zbnq2jfl,32.96420215959679
id_dwojdf96vz,32.96420215959679
id_kh8t0u2ykn,27.84058508130692
id_ulncgfoozq,32.96420215959679
id_bhaumyn0jh,28.659793133032153
id_75yu6r1ix8,32.96420215959679
id_nvx1ah4m6e,32.96420215959679
id_4szygx4nu4,32.96420215959679
id_cfhk723676,32.96420215959679
id_rt31sygm68,32.96420215959679
id_dwxwdulu8v,32.96420215959679
id_dclo8jsxow,32.96420215959679
id_u0imoqh2c1,32.96420215959679
id_a4d6g1lekm,32.96420215959679
id_cwv9ah2kuk,32.96420215959679
id_1583r9rcn9,27.84058508130692
id_55v93496t3,32.96420215959679
id_p6iewno0go,32.96420215959679
id_a3wluzck8n,32.96420215959679
id_tg3rfg73mm,32.96420215959679
id_haijdo7a8j,32.96420215959679
id_aukksta5ut,32.96420215959679
id_vwfdch92yw,32.96420215959679
id_vr9rjzdio6,28.659793133032153
id_hq9rjuwiqd,32.96420215959679
id_plkyx8w8df,32.96420215959679
id_mps4kqn7xr,32.96420215959679
id_ohn2jvlaqc,32.96420215959679
id_r2vvygjx7z,32.96420215959679
id_8ythlcs4u6,32.96420215959679
id_wgho99po2u,32.96420215959679
id_y9o3zgw71a,27.081582356646134
id_5lp79xg2n0,33.1356116368134
id_vni712633p,33.1356116368134
id_j2425ljqo0,33.1356116368134
id_01j3m051aq,33.1356116368134
id_r0n1tbsc8k,33.1356116368134
id_y7ffq95y6e,33.1356116368134
id_hajr115naf,27.30924290379656
id_vvmmry71u1,33.1356116368134
id_vp5euuu0a3,33.1356116368134
id_cu85lbcwzc,32.96420215959679
id_p83lwl7p4d,32.96420215959679
id_xnvv8228h2,32.96420215959679
id_t8sup9cci8,28.659793133032153
id_ryshnzfv4d,28.659793133032153
id_h8xe0d6wnr,28.659793133032153
id_y3i49rn3cl,27.84058508130692
id_q2e9lqyx5a,32.96420215959679
id_rxs1idu9rd,28.659793133032153
id_4oegd66w25,28.659793133032153
id_bb5wq93x8f,27.84058508130692
id_52ecm6umwm,27.84058508130692
id_8dwwuytb5v,33.78341021132207
id_zzjc7k91lz,32.96420215959679
id_13zklidhjm,27.84058508130692
id_3987oyytgm,32.96420215959679
id_vrhp90mg8w,27.84058508130692
id_qxd7crl1kv,32.96420215959679
id_c3yqmpgirm,33.78341021132207
id_m04u0g3jmm,28.659793133032153
id_oh231618a0,28.659793133032153
id_mq7wn4kpnq,27.84058508130692
id_1s9kt1d46m,32.96420215959679
id_o2jovbwixk,32.96420215959679
id_lbks4puqps,28.659793133032153
id_s12qsk2fm3,32.96420215959679
id_oy724ak7cq,32.96420215959679
id_g27rgw6pl8,32.96420215959679
id_uvlutbrlhh,32.96420215959679
id_uejyos5gh3,32.96420215959679
id_9hys0algtd,32.96420215959679
id_ga16h299c7,27.84058508130692
id_gxrrg3cnlc,27.84058508130692
id_7mz1vu7g4g,32.96420215959679
id_g2fmh836nu,32.96420215959679
id_yxk6h4ayeh,27.84058508130692
id_unsewqvn1a,32.96420215959679
id_1e0dh5jqvo,27.84058508130692
id_ieyz0z6h0w,32.96420215959679
id_t72jq7wg7f,32.96420215959679
id_h18rx6y3e9,32.96420215959679
id_70v67oh9n6,32.96420215959679
id_jmw9nldr1w,32.96420215959679
id_484spy9w6i,32.96420215959679
id_g65c62aekm,32.96420215959679
id_wv3teofdra,32.96420215959679
id_inx7pj1zao,32.96420215959679
id_ny05t5mh1p,27.84058508130692
id_u5tjmpvirk,32.96420215959679
id_svoeh6do9g,32.96420215959679
id_m25fiokemr,32.96420215959679
id_ot5b3e3mun,32.96420215959679
id_ssjjy0d17f,27.84058508130692
id_yru4k5km7g,32.96420215959679
id_gr9x49t37w,32.96420215959679
id_dmyl2a0wte,32.96420215959679
id_hc5646p82r,28.659793133032153
id_elm57z8vqj,32.96420215959679
id_u0fstcz8di,32.96420215959679
id_qttfy8k8h4,32.96420215959679
id_o3axo0etr3,32.96420215959679
id_2q9jp9vnu1,27.84058508130692
id_q6ms0le9xj,27.84058508130692
id_f93eoya8id,27.84058508130692
id_hueq8wmyii,32.96420215959679
id_lf0lyj77n1,32.96420215959679
id_luf77c9for,32.96420215959679
id_d0ssfcbe7n,32.96420215959679
id_qec98cuhd9,32.96420215959679
id_kj1jee85qf,32.96420215959679
id_tegcy3ymge,32.96420215959679
id_qtt1ub0cqr,32.96420215959679
id_f0n6fd1fzf,32.96420215959679
id_h1ar66egyc,32.96420215959679
id_81jnrshsul,27.84058508130692
id_jcg12akmp5,32.96420215959679
id_aq2pxbmh6f,32.96420215959679
id_e0qqf76fzh,32.96420215959679
id_wg4g9os7j0,32.96420215959679
id_3oodaxb9y5,32.96420215959679
id_kbmagd8awo,32.96420215959679
id_j9h3i8oh4m,32.96420215959679
id_hasyime9kt,32.96420215959679
id_sp1rci8n6i,38.75541180951686
id_pyl3gv21d1,32.96420215959679
id_qal583nrjb,32.96420215959679
id_0jahn21yg4,32.96420215959679
id_cdgc01qbv0,27.84058508130692
id_i6rcrq03t3,32.96420215959679
id_8u55jf04b4,32.96420215959679
id_m6pipj4ki2,32.96420215959679
id_gy8s836zbx,32.96420215959679
id_0uh4v68wol,32.96420215959679
id_7fcx2np47p,32.96420215959679
id_6wr20e0qhu,32.96420215959679
id_tof6i4dxr8,32.96420215959679
id_k9y121i3q6,32.96420215959679
id_ufnloy0p6l,27.84058508130692
id_bmbz4ag2h4,27.84058508130692
id_66fiqi3hb7,32.96420215959679
id_ao488ekn63,32.96420215959679
id_qa08032ux2,32.96420215959679
id_dksj4loxk5,33.78341021132207
id_xcnbk7we8b,32.96420215959679
id_d01xs14b12,27.84058508130692
id_gtbikppc9b,32.96420215959679
id_vexdtontsk,32.96420215959679
id_i2u4lru5pj,32.96420215959679
id_jd4dzel6u7,32.96420215959679
id_lpa9r07z8b,32.96420215959679
id_51jaijw22u,27.84058508130692
id_banl3q7xba,32.96420215959679
id_vutwngujan,27.84058508130692
id_8ymb5tnc39,27.84058508130692
id_5o92himecd,32.96420215959679
id_j65gxna4nx,27.84058508130692
id_ox2wsaw3ia,32.96420215959679
id_k2707sckem,32.96420215959679
id_mpj0lnxacc,32.96420215959679
id_xp21rc9wlj,32.96420215959679
id_95qlrnfn3m,31.204465781718216
id_jjc390qqbh,32.96420215959679
id_5q6ntj5feu,32.96420215959679
id_ulrzxc6or4,32.96420215959679
id_wyvwl4bqdu,32.96420215959679
id_f5b42pbalh,32.96420215959679
id_3piuxvnarz,32.96420215959679
id_ujdq27dnuy,32.96420215959679
id_o3842mf5fv,32.96420215959679
id_vt4p2wegs4,32.96420215959679
id_z4g1p19t95,32.96420215959679
id_bhmbzfmckd,32.96420215959679
id_lx1nwyvve4,27.84058508130692
id_4nsm6zzd4h,27.84058508130692
id_9jra8eod1e,32.96420215959679
id_qbc2s39kpt,32.96420215959679
id_hwtnn2m6nj,32.96420215959679
id_xmn0zn0jvp,27.84058508130692
id_5022yedndd,32.96420215959679
id_wdxog5yev9,32.96420215959679
id_aokky0eeqq,27.84058508130692
id_1929ukjz7m,32.96420215959679
id_6ezdibfpl6,32.96420215959679
id_muark7nz6q,32.96420215959679
id_l6s3otmx1p,32.96420215959679
id_evzd01c14s,27.84058508130692
id_h40j4g6lko,27.84058508130692
id_kn6e9u36j4,32.96420215959679
id_8j6zj2o5v3,32.96420215959679
id_mdql0oe5vo,33.1356116368134
id_0ejmzowt7c,33.1356116368134
id_l7koi9bqvu,33.1356116368134
id_zq9peruavc,40.38712488626295
id_w9vfge8zvy,33.1356116368134
id_m1u3t8z35l,33.1356116368134
id_2akds1jali,29.96269433452719
id_wejvfo8xac,33.1356116368134
id_wdhrtx9pfs,33.1356116368134
id_ss8ixmpjdu,32.512604050119265
id_8v78f3tzgd,32.512604050119265
id_1mnkwpnpkp,26.144901982544912
id_jxl5nffktz,26.144901982544912
id_k4hums63fu,26.144901982544912
id_cb40n09vwf,32.512604050119265
id_ojvdj9l7ir,32.512604050119265
id_8xzd5q9b2n,32.512604050119265
id_a2oil7cfw8,32.512604050119265
id_3eb707sqy9,32.512604050119265
id_fqpoallv5t,32.512604050119265
id_a0lghu0yk4,32.512604050119265
id_2s5h4jyu48,32.512604050119265
id_tfr1w48698,32.512604050119265
id_jw7cwte35h,32.512604050119265
id_4myw2ppn88,32.512604050119265
id_nu2j6ezn8a,32.512604050119265
id_1pi7rar7w0,32.512604050119265
id_lp1eem68uu,32.512604050119265
id_i59r7imuxn,32.512604050119265
id_jfhvjfzvfa,32.512604050119265
id_co08yelk6i,32.512604050119265
id_ozh35h3nct,32.512604050119265
id_cf9woqagxi,32.512604050119265
id_4pbhg788eu,32.512604050119265
id_xqnx58hv20,32.512604050119265
id_g7e6fyre5k,32.512604050119265
id_i5kwutfr3y,32.512604050119265
id_xl68jb742r,26.144901982544912
id_dcvf785h1y,32.512604050119265
id_n38vpdzrl5,32.512604050119265
id_8520840u02,32.512604050119265
id_27mp59yu1m,32.512604050119265
id_053nn3pbfz,32.512604050119265
id_1hkqlxmn2v,32.512604050119265
id_h8b77jfadh,32.512604050119265
id_ohfvgfke8w,32.512604050119265
id_i89aiadf4j,32.512604050119265
id_dczobb4ttq,32.512604050119265
id_xu9ib17loe,32.512604050119265
id_i9njn3noh7,32.512604050119265
id_90v0etup0d,32.512604050119265
id_9p6b0j3eu6,32.512604050119265
id_xbtp6hvq7f,32.512604050119265
id_4p48d96fhm,32.512604050119265
id_34ll84rx9f,32.512604050119265
id_xvk1eas2cj,32.512604050119265
id_u3byzh8on6,26.77153159104864
id_9mmhnd07no,32.512604050119265
id_tf59fmc5uk,32.512604050119265
id_eu8lfqr566,32.512604050119265
id_quspwoer1c,32.512604050119265
id_1udgdtpt4j,32.512604050119265
id_mp1wgahaac,32.512604050119265
id_ah05rwmnc0,32.512604050119265
id_99pzz5yuak,32.512604050119265
id_sts4gl2h3h,32.512604050119265
id_wkw4zd0vo6,32.512604050119265
id_42mzemmqf8,32.512604050119265
id_pfup6tmwcc,32.512604050119265
id_g57cpderdh,32.48271649018625
id_snv67pqv74,60.03156159294097
id_9htd0dd4o4,58.21426474913903
id_wvy11x9u8t,60.03156159294097
id_biytotjie2,58.21426474913903
id_xtb5hfw6bd,58.21426474913903
id_65l5hak91b,58.21426474913903
id_16p4qjzi91,58.21426474913903
id_fa6j0h18yu,58.21426474913903
id_0hpi956wos,60.03156159294097
id_6llaal44lz,60.03156159294097
id_bg7586se6s,58.21426474913903
id_dr24ka6xxv,58.21426474913903
id_zova02slaz,59.91104222740197
id_4aa970r08o,58.21426474913903
id_5v2k81ndi3,58.21426474913903
id_w0w2t7llmy,58.21426474913903
id_3v0pkvcpfh,58.21426474913903
id_5jyp9jh31b,58.21426474913903
id_s851gktvnq,59.91104222740197
id_0c31rjprf8,58.21426474913903
id_iclf8934dw,60.03156159294097
id_i0kzmw9707,58.21426474913903
id_mh8gne9yti,58.21426474913903
id_ztrwp444jx,58.21426474913903
id_7pzbvg9uxi,59.91104222740197
id_zyh4qgghaw,58.21426474913903
id_tirnjget2u,58.21426474913903
id_f89ptvm1ms,58.21426474913903
id_s5dy4d934y,58.21426474913903
id_0h4f1xrjyj,58.52052987632494
id_rbat046yjy,58.638642025426556
id_6o66xnm1yu,58.52052987632494
id_lv893wwhs3,58.52052987632494
id_t6381wgsi2,58.51812265988756
id_sgt84ewftt,58.52052987632494
id_hbt3rrighm,58.52052987632494
id_gmsjw4fd0u,58.52052987632494
id_rfko1do0hk,36.33523445991839
id_zbl8jgb2uw,36.33523445991839
id_1syuqnv0zf,36.33523445991839
id_505znfwne9,29.96753239234406
id_64xsijlwga,36.33523445991839
id_np7zxu024l,36.33523445991839
id_72gfwpdc4j,36.33523445991839
id_0cmp4g2ubt,36.33523445991839
id_e6wx5c307f,29.96753239234406
id_05luzgibct,36.33523445991839
id_13vd6nfqlg,36.33523445991839
id_dk3pcbei6n,36.33523445991839
id_b98ce0qkq8,36.33523445991839
id_dul45idm6l,36.33523445991839
id_t0xjo4dade,36.33523445991839
id_nk6tuv7y71,36.33523445991839
id_eg12ovcwpw,36.33523445991839
id_hlwwfh3qu7,36.33523445991839
id_kkhhupasf0,36.33523445991839
id_gnh3lx8tp0,36.33523445991839
id_k9sufsvlha,36.33523445991839
id_ars5keh0vw,36.33523445991839
id_r3gn7hnst8,36.33523445991839
id_asxb2wtleg,36.33523445991839
id_zbfwtwc0o0,36.33523445991839
id_y25nozzr46,36.33523445991839
id_hvslvvau3s,36.33523445991839
id_ow5f3qjobm,36.33523445991839
id_afzc6ul1wy,36.33523445991839
id_xk9bv6spi8,36.33523445991839
id_cd4wv6i21d,36.33523445991839
id_lhe7t7ml8n,36.33523445991839
id_atxrpetdw3,36.33523445991839
id_0aj1mxix9q,36.33523445991839
id_no5yjlcm3g,36.33523445991839
id_bjvx3ng7q9,36.33523445991839
id_uvoli7jkk3,36.33523445991839
id_8le9qqlixz,36.33523445991839
id_a3jcz7fc27,36.33523445991839
id_793ke4x5e5,36.33523445991839
id_loljxr0mo6,36.33523445991839
id_0v8evpy2qs,36.33523445991839
id_0bmqcvks9i,29.96753239234406
id_ug9e8wl8h0,36.33523445991839
id_aonmnfwfqw,36.33523445991839
id_9h7w4b7oww,36.33523445991839
id_6gxul944md,36.33523445991839
id_8y3pcwqv5b,29.96753239234406
id_6gvnwx27b9,36.33523445991839
id_w0zxvghizq,36.33523445991839
id_wmscdo85fe,29.96753239234406
id_xrbsdkk2c4,36.33523445991839
id_pcqx5u6le6,36.33523445991839
id_6smk5au66q,36.33523445991839
id_xmzhq3a015,36.33523445991839
id_ueml1oc6xg,36.33523445991839
id_tycn46bdt5,36.33523445991839
id_uhm4o38ksa,36.33523445991839
id_zz4zc4dfvr,36.33523445991839
id_3dps54vf0f,36.33523445991839
id_hp0ejuyv3t,36.33523445991839
id_qod41j7e0e,36.33523445991839
id_4s4s9ljllh,36.33523445991839
id_8vmswwvy31,36.33523445991839
id_hgbeyzbqa9,36.33523445991839
id_9eazgq4i93,36.33523445991839
id_15tfvndhja,36.33523445991839
id_akw3lvhlr6,36.33523445991839
id_pdrnzevlv5,36.33523445991839
id_k786vuzcmw,36.33523445991839
id_ii36qck65t,36.33523445991839
id_luo9wejxo5,30.59416200084779
id_dv7y922sze,30.59416200084779
id_zcs5e5jjv3,36.33523445991839
id_nl1ahmmrsk,36.33523445991839
id_n2j1w4zr7n,36.33523445991839
id_edhr3ruhca,30.59416200084779
id_gqpsd6uict,30.59416200084779
id_qowgzlfn74,29.96753239234406
id_qs2l2xtdjm,36.33523445991839
id_4lrdvrygkh,36.33523445991839
id_auybt6kold,36.33523445991839
id_ufe7g778jt,29.96753239234406
id_7324fwd9hf,36.33523445991839
id_sn73v8vz1i,36.33523445991839
id_ojcp5cpvj0,36.33523445991839
id_op1s93i84z,29.96753239234406
id_io2lx9odns,36.33523445991839
id_06zbl7jtc1,36.33523445991839
id_1ttiqk66yv,36.33523445991839
id_4pt0caxqat,36.33523445991839
id_ws58vo2yzn,36.33523445991839
id_tce3ozp394,36.33523445991839
id_q7t9b05o1s,36.33523445991839
id_awrm3qdtbv,29.96753239234406
id_la85j0outl,36.33523445991839
id_i6yqhfapf6,36.33523445991839
id_snwy8kzkae,36.33523445991839
id_6v79axy48w,36.33523445991839
id_4t3anhqio5,36.33523445991839
id_q74mccdm81,36.33523445991839
id_ikn6e0mpzz,36.33523445991839
id_v8txb18kd0,29.96753239234406
id_audlh8gjcf,36.33523445991839
id_zfs5kudqv5,36.33523445991839
id_rz81mldmne,36.33523445991839
id_h4oa84i9r6,29.96753239234406
id_htkc980daf,36.33523445991839
id_66wzrdbk8j,36.33523445991839
id_p8oxssnqa5,36.33523445991839
id_thd2r3g438,36.33523445991839
id_8ac2fo3bzi,36.33523445991839
id_9ukm2znbos,36.33523445991839
id_vq9e0a0452,36.33523445991839
id_8ao6r0by2m,36.33523445991839
id_hgrtbz1nsy,36.33523445991839
id_7dyx4tphmb,36.33523445991839
id_int2pnz27d,29.96753239234406
id_1gi9fmazsp,36.33523445991839
id_5dhzpnfsc8,36.33523445991839
id_olg30s5x5y,36.33523445991839
id_t5523jtnh4,36.33523445991839
id_vqcahchrt6,36.33523445991839
id_fk1sa9hbwa,36.33523445991839
id_ok160agwht,36.33523445991839
id_xu17k53yq5,36.33523445991839
id_xmzcqauw3k,36.33523445991839
id_aour5rgxfv,36.33523445991839
id_nujzd9pafg,36.33523445991839
id_icrv4paofp,36.33523445991839
id_9yatzebc2c,29.96753239234406
id_gtjn6hxle0,36.33523445991839
id_m6f7hnj4t0,36.33523445991839
id_1v1fi85h14,36.45333549722208
id_7sp5685ieu,36.45333549722208
id_liqr0uwqrd,36.45333549722208
id_03lwil97qb,36.45333549722208
id_b3j3fd3rmh,32.96420215959679
id_sifhxybxky,32.96420215959679
id_hz8r2su7q1,28.659793133032153
id_idsihhjz6g,28.659793133032153
id_o866qvk74p,32.96420215959679
id_0u1n7gtyxp,28.659793133032153
id_lyrsajp3xp,27.84058508130692
id_bzccsloevv,33.78341021132207
id_9c9z014n0r,32.96420215959679
id_0che20octp,27.84058508130692
id_8lyeumoumq,32.96420215959679
id_9wiy3lc33n,33.78341021132207
id_9a78zekrny,32.96420215959679
id_59yb1kfkkt,27.84058508130692
id_5qugn6f0n4,27.84058508130692
id_ch556d7iza,32.96420215959679
id_yljh4w9iu6,32.96420215959679
id_cngpsdvk41,28.659793133032153
id_cpc394pksr,32.96420215959679
id_9e8yludv11,32.96420215959679
id_wmvjf8lqx7,32.96420215959679
id_fxa58eejly,32.96420215959679
id_lrnh9ds8zh,27.84058508130692
id_14c1s7ewjb,32.96420215959679
id_8h35d7as03,32.96420215959679
id_pirch232ad,32.96420215959679
id_l2k4cwt2y4,32.96420215959679
id_bv77jcdr0q,27.84058508130692
id_fdqc1chspp,27.84058508130692
id_62ln78y7zw,32.96420215959679
id_r6uupiy606,27.84058508130692
id_pkr851vgsb,32.96420215959679
id_5dt20d24kt,32.96420215959679
id_14iduc4f9l,32.96420215959679
id_s0oyk7nplc,32.96420215959679
id_ohoxj2ghjr,32.96420215959679
id_lx42qav5js,32.96420215959679
id_7y4q699t9l,32.96420215959679
id_dp3acipvh6,32.96420215959679
id_t5pefcc5b8,27.84058508130692
id_lpt30pg4he,32.96420215959679
id_3t6sgybjdl,32.96420215959679
id_9n0a6kx46d,33.78341021132207
id_slvqhia6kd,32.96420215959679
id_8ulyzkbx2b,27.84058508130692
id_jo0fplisra,32.96420215959679
id_dy11ridu3w,32.96420215959679
id_3qf6thp1zq,32.96420215959679
id_irq21mxj78,32.96420215959679
id_w2cuumaw3w,32.96420215959679
id_nwr2vpkoe7,32.96420215959679
id_u3ih52igtc,32.96420215959679
id_o1esa8wsif,32.96420215959679
id_gwxneemm8m,32.96420215959679
id_mktr6ix79w,32.96420215959679
id_2ptvfeal81,32.96420215959679
id_elkdukvihq,29.463242978228553
id_qwk4cugilm,32.96420215959679
id_1oz3u6pwhi,32.96420215959679
id_y0xvef09vq,32.96420215959679
id_23gmc7gsmv,32.96420215959679
id_r0m6c354qj,27.84058508130692
id_r0sqad4l78,32.96420215959679
id_ghdqd5jsd3,32.96420215959679
id_x8bwqtepbs,27.84058508130692
id_ya5dvzycq5,32.96420215959679
id_9wue1vw0je,32.96420215959679
id_cv0ocjo7yc,32.96420215959679
id_tembu3gfxi,32.96420215959679
id_jtuteue33p,32.96420215959679
id_lzg90mlb1v,32.96420215959679
id_z5sz4wfbb3,32.96420215959679
id_po61337o0p,32.39437790153723
id_u3ds0qs0ja,33.1356116368134
id_ux2weabz73,33.1356116368134
id_8ew9nnhjzb,33.1356116368134
id_lpk5vf71ew,33.1356116368134
id_haz6ywphnk,33.1356116368134
id_7r1kfjjh14,33.1356116368134
id_663tkhfuc6,27.30924290379656
id_z9c1h7fnjj,33.1356116368134
id_9dx037ij0q,33.1356116368134
id_f67k2oy6ky,36.33523445991839
id_cphmkwhhm1,36.33523445991839
id_jhqjrinix0,36.33523445991839
id_n5se9alz2t,36.33523445991839
id_lcbe5mxkum,60.03156159294097
id_4fe6r13wal,58.21426474913903
id_ijzj8r2su1,58.21426474913903
id_msz2inba0v,58.21426474913903
id_qd11jjsx2b,60.03156159294097
id_b47e89k3ve,58.21426474913903
id_7mb9t9x9tu,58.21426474913903
id_mvbhi84jmq,58.21426474913903
id_3yqqem9nei,60.03156159294097
id_ivvauoj9x9,60.03156159294097
id_3jy613lg44,58.21426474913903
id_m91x6rqccu,58.21426474913903
id_8q076jp0mr,58.21426474913903
id_4zcmj012is,58.21426474913903
id_kpjiqdh6zr,60.03156159294097
id_dfajl055xn,60.03156159294097
id_frm2rh8uv4,58.21426474913903
id_yo72un0uym,60.03156159294097
id_wa7g7cyrfb,58.21426474913903
id_c0600luvkg,60.03156159294097
id_55u72g0c0l,58.21426474913903
id_efc4gex2lq,58.21426474913903
id_cdwfcwcj48,58.21426474913903
id_yc1gty3xqz,58.21426474913903
id_867am351jy,58.21426474913903
id_sf4b9w2jdc,60.03156159294097
id_vsa8h55f8i,60.03156159294097
id_ovpfocbku2,58.21426474913903
id_xbgzqf0szs,58.21426474913903
id_15v5x12fo2,59.91104222740197
id_gxgs0b70cv,58.21426474913903
id_g13m7fp2dp,58.21426474913903
id_cav3ox8jtj,58.21426474913903
id_vhu174dncs,58.21426474913903
id_o6tcsfwljz,58.21426474913903
id_98jqgum8n2,59.91104222740197
id_m9og9r3r2y,58.21426474913903
id_abn9ddpwtj,60.03156159294097
id_4zxljdntpc,58.21426474913903
id_y6howqrmjh,58.21426474913903
id_5ke4foxu8k,58.21426474913903
id_hjqgkm27l3,59.91104222740197
id_f5i3m6wxqj,58.21426474913903
id_j8hsu09w89,58.21426474913903
id_czurwxut83,58.21426474913903
id_prz1am7w85,58.21426474913903
id_8bkmhgqh7f,58.52052987632494
id_yz3ljcsheb,58.638642025426556
id_ss72nbk35w,58.52052987632494
id_gix31lwz9r,58.52052987632494
id_n5jqluy02q,58.51812265988756
id_vsz8smmdv3,58.52052987632494
id_hg0e7skz0t,58.52052987632494
id_esawyovxf1,58.52052987632494
id_hc62abtu6k,27.97503847447337
id_r8r0rkheji,27.97503847447337
id_xlindtdnz2,27.97503847447337
id_lnjrpbezhk,32.291352302515264
id_mgtu4ilbfd,32.291352302515264
id_5xqaypkkvs,32.291352302515264
id_w3so8j4bv7,32.291352302515264
id_7w1zp8cjcn,32.291352302515264
id_67uys7wrv4,27.155830422748128
id_r17gddig0j,27.155830422748128
id_e3vuqck2h6,32.291352302515264
id_fhszavu8ax,32.291352302515264
id_luamixbkgq,32.291352302515264
id_kqm2f56xwc,27.155830422748128
id_zyxetqm6wu,32.291352302515264
id_dz8pj6oclh,32.291352302515264
id_adeyv5o4f7,27.97503847447337
id_fz6qqj1h1a,32.291352302515264
id_n87wj2ambh,32.291352302515264
id_f70k3emlx3,32.291352302515264
id_vgoievdbtz,32.291352302515264
id_zh20dby41t,27.97503847447337
id_8bvi6lu9pe,32.291352302515264
id_q160zgg9me,32.291352302515264
id_4626is4jb1,32.291352302515264
id_yb12y6lzfu,32.291352302515264
id_q28sbilqoc,32.291352302515264
id_tum04j3i0k,32.291352302515264
id_rmvr6nrclw,32.291352302515264
id_htvqxawa72,32.291352302515264
id_fz1uc4v5j0,32.291352302515264
id_7b5p3b0df6,32.291352302515264
id_2g79ep4pkj,32.291352302515264
id_iqortjdma0,32.291352302515264
id_le8f4g0pzu,32.291352302515264
id_ekpzp4t5c4,38.08256195243532
id_gesmljsvjr,32.291352302515264
id_psei1suku6,32.291352302515264
id_hqwm0196vz,32.291352302515264
id_69rxifzt35,27.155830422748128
id_4o96zxaznr,32.291352302515264
id_3wrfo6380m,32.291352302515264
id_1fty7ttimn,27.97503847447337
id_c57ji3ham6,32.291352302515264
id_wvw6k6vp72,32.291352302515264
id_0p1s7vp852,32.291352302515264
id_b52rchktoy,27.97503847447337
id_xgf7g7nfe7,27.155830422748128
id_sm7nxaxevr,27.155830422748128
id_pyl58w1gtb,32.291352302515264
id_nqbx4rommx,33.110560354240505
id_19wzlmlzng,32.291352302515264
id_z1hdqiwyma,32.291352302515264
id_5mgd2i895h,32.291352302515264
id_60a72t2cay,32.291352302515264
id_a66evs0aqw,32.291352302515264
id_iuiyr65rvv,27.155830422748128
id_eaknqbzf77,27.155830422748128
id_stb9gc066l,27.155830422748128
id_qaykme2vjm,32.291352302515264
id_dt2xwaz5io,32.291352302515264
id_733wbi020k,32.291352302515264
id_m1jmaidc1m,32.291352302515264
id_iq7tgns55s,32.291352302515264
id_fyy6i6j06h,32.291352302515264
id_anv4htdeo8,32.291352302515264
id_f1xdbych81,32.291352302515264
id_vjajvq9znt,32.291352302515264
id_sqcw91cgln,32.291352302515264
id_w0kn8lsfm6,32.291352302515264
id_d0y2cmg99p,32.291352302515264
id_c0lde7ws35,32.291352302515264
id_nkpuzearf0,27.155830422748128
id_dny7wqpwsi,27.155830422748128
id_mut5ylxif1,32.291352302515264
id_6v6apoias7,32.291352302515264
id_aanbewd75e,32.291352302515264
id_g3wrkoouk4,32.291352302515264
id_nwndwrpf8o,32.291352302515264
id_21ug002h0q,32.291352302515264
id_pd01tyg62p,27.155830422748128
id_wcb0ckggc7,32.291352302515264
id_3xfe9y6qy2,32.291352302515264
id_sg7nyshurw,32.291352302515264
id_fl01fpudeo,32.291352302515264
id_oz6t207lje,32.291352302515264
id_yq2em36nu1,27.155830422748128
id_fe0mlkkqtt,32.291352302515264
id_1lzokw7hi1,32.291352302515264
id_1pgeidv7p1,32.46276177973185
id_lbrv1ljzfv,32.46276177973185
id_ws4vk1maeh,32.46276177973185
id_lkjm5o21jg,37.57600801134643
id_esgom4jjh0,32.46276177973185
id_5wgz7hxu3q,32.46276177973185
id_ce45fi3i9r,26.624488245237767
id_e0fmjam36n,32.46276177973185
id_t9gpc6cl08,32.46276177973185
id_4e0oh24nij,36.33523445991839
id_wcvcujkjfa,36.33523445991839
id_959hw03dsc,29.96753239234406
id_mfcbkrkwil,36.33523445991839
id_it7jxzllrd,36.33523445991839
id_8stz7b6m3b,36.33523445991839
id_6w3q8g9iws,36.33523445991839
id_w0ee2fe65l,29.96753239234406
id_fhgz7wzae3,29.96753239234406
id_w2rchmas4e,36.33523445991839
id_jmo9wtwu8m,36.33523445991839
id_uerluxmuy9,36.33523445991839
id_22yl0qw8q4,36.33523445991839
id_a9oc6x2g72,36.33523445991839
id_qbhgqc4yet,36.74785898930036
id_rn6vcvicw5,36.33523445991839
id_ytcdi9ix3q,36.33523445991839
id_qzfdep9u3c,36.33523445991839
id_33pv489fe5,36.33523445991839
id_u1gjjizqyk,36.33523445991839
id_w4rf4iv383,36.33523445991839
id_3zb1zekfcs,36.33523445991839
id_ertzpococf,36.33523445991839
id_y6ouxkmf0e,36.33523445991839
id_q4dvl9exoc,36.33523445991839
id_imi2dyvmxc,36.33523445991839
id_8flbm45nba,36.33523445991839
id_0d93zxtus4,36.33523445991839
id_xfxo3cb3tu,36.33523445991839
id_h8j2nrpseq,36.33523445991839
id_4gw4m9unp9,36.33523445991839
id_8lqfepep8r,36.33523445991839
id_lbql83v1pa,36.33523445991839
id_18r3kupks1,36.33523445991839
id_bz3fcm9azs,36.33523445991839
id_vxwc5l36hb,36.33523445991839
id_1m3ayw8orl,36.33523445991839
id_n7s22ti3u0,36.33523445991839
id_7ml18gt65i,36.33523445991839
id_pu8pv7gwz2,36.33523445991839
id_ru43es0zjg,36.33523445991839
id_n2y5dyb90j,29.96753239234406
id_v6dywtd3ti,36.33523445991839
id_gpm9b55dkf,36.33523445991839
id_envkemqd97,29.96753239234406
id_rm0pa4kk4k,36.33523445991839
id_s1qxkd8ot0,29.96753239234406
id_bwv1d5pcax,36.33523445991839
id_cvbktrmvyp,36.33523445991839
id_k4zxmef1ve,36.33523445991839
id_61jelkjb5z,36.33523445991839
id_0zwlyfwhg4,36.33523445991839
id_pipj3ap8ak,36.33523445991839
id_84xzjh13pi,36.33523445991839
id_zxct0q3dqx,36.33523445991839
id_5vji53n55u,36.33523445991839
id_7mup88cw2n,36.33523445991839
id_fomq0iryjd,29.96753239234406
id_5mq14kf61k,36.33523445991839
id_6tfrbtojwh,36.33523445991839
id_p1syd1j82p,36.33523445991839
id_2efu8wsf0t,36.33523445991839
id_nf6oaj6hmc,36.33523445991839
id_6szo04nr0p,36.33523445991839
id_k3zqwshvxx,36.33523445991839
id_xb9tzd4tni,36.33523445991839
id_1g1133mxj0,36.33523445991839
id_l51e1wtruw,36.33523445991839
id_qgc87e79ko,36.33523445991839
id_2efd5sv0eu,36.33523445991839
id_93di8172pi,30.59416200084779
id_b8vvdmeitn,29.96753239234406
id_ci6fg1tigr,36.33523445991839
id_c1zgt77fyu,36.33523445991839
id_78t3asrjbf,36.33523445991839
id_6oanpv3bs7,30.59416200084779
id_zdhxor1yx9,30.59416200084779
id_hjug95reos,29.96753239234406
id_q5y6b2vxi5,36.33523445991839
id_lmmep6vt6f,36.33523445991839
id_ur485xrowj,36.33523445991839
id_yh8jpakk4u,36.33523445991839
id_xfom70rd8q,36.33523445991839
id_cx4og6dawq,36.33523445991839
id_bxqjc4lu8q,36.33523445991839
id_dfkdged93h,36.33523445991839
id_wpc07nnnn9,36.33523445991839
id_3w6yxmo14o,30.59416200084779
id_9xhx7zdwqp,36.33523445991839
id_fkcu4ryvmb,36.33523445991839
id_iydvhqnjpg,36.33523445991839
id_xfd5bd6mbb,36.33523445991839
id_pnfc3lxqxw,36.33523445991839
id_2fi5bq6vwj,36.33523445991839
id_6viyil1331,36.33523445991839
id_5gwjmv15on,29.96753239234406
id_76bk0rtwtl,36.33523445991839
id_f60ku7tfev,36.33523445991839
id_h191utquex,36.33523445991839
id_wi04z29d3r,36.33523445991839
id_fbntyg7wwr,36.33523445991839
id_v3zrqsqzxo,36.33523445991839
id_bw1b95righ,36.33523445991839
id_zp9ylpq5fk,36.33523445991839
id_t0g20s1n6l,36.33523445991839
id_dktjg2pt79,36.33523445991839
id_mik9bcfz5g,36.33523445991839
id_t7ahyyqmpl,29.96753239234406
id_mu6p2nd1yv,36.33523445991839
id_lff5hw3ol2,36.33523445991839
id_eccaetzkfx,36.33523445991839
id_z5lh6tnhu3,36.33523445991839
id_vg90abt8lg,36.33523445991839
id_b4kmym2z2e,36.33523445991839
id_a4bm9lp96l,36.33523445991839
id_ph0f1whio6,36.33523445991839
id_bn4murbtsb,36.33523445991839
id_mbkfsw8xc9,36.33523445991839
id_e2ybasubxp,29.96753239234406
id_6i3ti67p9g,36.33523445991839
id_bec40ri158,36.33523445991839
id_zacj6i063v,36.33523445991839
id_lol7o2igta,36.33523445991839
id_m2m6u5m8oo,36.33523445991839
id_g8kpxolorf,36.33523445991839
id_w57cuionsw,36.33523445991839
id_64x7iknxnp,36.33523445991839
id_umk48ombht,36.33523445991839
id_w8cmk8r8vv,36.33523445991839
id_vj0wx6wbs5,36.33523445991839
id_w7sma8wi3u,36.33523445991839
id_oqmb5rhi5m,29.834143790373034
id_i4y106oe8m,36.33523445991839
id_biglgqqok3,36.33523445991839
id_6026c6cyn7,36.45333549722208
id_ixvjw5pg83,36.45333549722208
id_w6kanjj090,36.45333549722208
id_qy2xteqn7k,36.45333549722208
id_6oi09e06us,36.45333549722208
id_37za3uvuvh,36.45333549722208
id_e1rym2u84c,36.45333549722208
id_85pjz4b5rl,36.45333549722208
id_ohyxbff88h,36.33523445991839
id_dz40i4pbqo,36.33523445991839
id_kfb0js1w3k,36.33523445991839
id_z6dnfzl23b,36.33523445991839
id_jkeoakg1zs,36.45333549722208
id_jvc6j31d7r,36.45333549722208
id_tp5jxexuje,29.382881774920783
id_dkv9vzan2j,36.45333549722208
id_21jsagai52,30.009511383424503
id_5j5wrd0r76,30.009511383424503
id_hafhcdf5fe,36.33523445991839
id_ng9duxlksi,36.33523445991839
id_1mrr0piel6,58.21426474913903
id_8dlgnof1yt,60.03156159294097
id_ayhykhxv08,58.21426474913903
id_5veb3455kk,60.03156159294097
id_0gw6p17v8i,60.03156159294097
id_h21k3oibhu,58.21426474913903
id_onax36r19z,58.21426474913903
id_kf6alfal6l,58.21426474913903
id_rgm4q6o0n2,58.21426474913903
id_051ag5i4ha,60.03156159294097
id_03ajztlcgf,58.21426474913903
id_h1gdh0ctos,58.21426474913903
id_wea0tzo38s,58.21426474913903
id_d77c6v7xlq,58.21426474913903
id_o5czlw27eu,58.21426474913903
id_z3b6rgvygb,60.03156159294097
id_iwwln55ll9,60.03156159294097
id_ctyaqjhqq3,58.21426474913903
id_bk5kqdpcvl,60.03156159294097
id_lcaeji5kvm,58.21426474913903
id_4iuroyo095,60.03156159294097
id_hwhg2nzcn7,60.03156159294097
id_zfyyzm0tfl,58.21426474913903
id_aks304uagg,58.21426474913903
id_5muf55bxe7,58.21426474913903
id_or8005ins6,58.21426474913903
id_5p0q5jonr0,59.91104222740197
id_qjskvygs4l,60.03156159294097
id_u5iqw2tz8v,60.03156159294097
id_gckh1uiy17,58.21426474913903
id_8uh4onl5v8,60.03156159294097
id_46wh4sy9gi,58.21426474913903
id_zd5wtd5tmi,58.21426474913903
id_8tax5ieqth,60.03156159294097
id_ouo0ii1gd9,58.21426474913903
id_ofkcbq4gav,58.21426474913903
id_yak2zy4o8d,59.91104222740197
id_lmj3zlydl1,58.21426474913903
id_r5cm1bhxkl,58.09374538360004
id_0zbo52y2xz,59.91104222740197
id_obd90peb73,58.21426474913903
id_yubp5ipspp,58.21426474913903
id_q44cbuudsn,59.91104222740197
id_kav1f2lb2r,58.21426474913903
id_gxbkwk0iez,58.21426474913903
id_ek9x8hre7u,58.21426474913903
id_r871vcfbl4,58.21426474913903
id_35iwrmt1yx,58.638642025426556
id_mgt3ob9nni,58.638642025426556
id_ata3d9u9ij,58.52052987632494
id_389jy0txmq,58.52052987632494
id_oaaxhllgnf,58.638642025426556
id_fpoz5ozfg7,58.52052987632494
id_hygp8jfsb2,58.52052987632494
id_tgmi1f70mf,58.52052987632494
id_8xhlkfw0vd,58.21426474913903
id_n02h09aa2y,58.21426474913903
id_vcfstyofl7,58.21426474913903
id_jjreek4wj9,58.21426474913903
id_x7op0k35jb,58.21426474913903
id_m0rro9r1gv,58.21426474913903
id_9ky9s3jqyp,58.21426474913903
id_ohpg2cpkpk,58.21426474913903
id_s13clcy2o7,58.21426474913903
id_2h4f3oh33x,59.91104222740197
id_lzsgsz7nuf,58.21426474913903
id_gnfl6qhq2v,58.21426474913903
id_izavvighqu,58.21426474913903
id_5mk7jbh470,58.21426474913903
id_y78kz2lj7d,58.21426474913903
id_r0jik026d1,68.32443512200274
id_4l552ar61j,60.03156159294097
id_yog4iw8i1o,58.21426474913903
id_pv5p2rds8o,58.21426474913903
id_1k5akrmzgv,58.21426474913903
id_ks7ucfmf06,60.03156159294097
id_15cuw1it4j,60.03156159294097
id_kfgdu8dkqk,58.21426474913903
id_aa4sqe4emy,57.2525116862744
id_zytuipkh4s,58.21426474913903
id_753xfgjvu9,59.91104222740197
id_lpvtn9w0zv,60.03156159294097
id_7asrrizo0g,58.21426474913903
id_8bwlfohvu1,58.21426474913903
id_1hy6gjm6kl,58.52052987632494
id_qsf30wtdhv,32.96420215959679
id_1uv0ibuczo,27.84058508130692
id_80csjj6d48,32.96420215959679
id_n1g3zkow2a,27.84058508130692
id_qjt5kb3u6x,32.96420215959679
id_6e8d5kqq5q,32.96420215959679
id_wvhdr0r7th,30.0457093541684
id_x5r3svy996,32.96420215959679
id_o9ggz31qgu,32.6203991402326
id_gv60syhrk2,32.96420215959679
id_g3j3o1t4sz,32.96420215959679
id_laabpazmxh,32.96420215959679
id_eho4ay6smw,32.96420215959679
id_w8nvwfcpmm,32.96420215959679
id_btnsop89b3,32.96420215959679
id_0w6dn0yvk6,32.96420215959679
id_gpznwpt7ys,32.96420215959679
id_z23dyz3slb,27.84058508130692
id_2ojx7eu8qw,32.96420215959679
id_98t8cdz765,32.96420215959679
id_8f9m9dleze,28.659793133032153
id_oeaawvliom,32.96420215959679
id_ov5yh9unz0,27.84058508130692
id_syrmc724fl,32.96420215959679
id_wsfou7xddv,32.96420215959679
id_gdrcof729w,32.96420215959679
id_yyeq995o40,32.96420215959679
id_mhj0m6vsoz,32.96420215959679
id_d51371db4v,32.96420215959679
id_nrt1xvsex3,28.659793133032153
id_e0e2p1877w,32.96420215959679
id_ezhbu5sh62,32.96420215959679
id_c4pskc8s76,32.96420215959679
id_r0ufs02ezc,32.96420215959679
id_hk47qerjv3,32.96420215959679
id_8qq33hqkxq,32.96420215959679
id_w1qz8bdksu,32.96420215959679
id_n74jn7d5ct,32.96420215959679
id_b2yadnldic,32.96420215959679
id_484yc688bf,32.96420215959679
id_5w25kqbc16,32.96420215959679
id_9n8atixf1w,32.96420215959679
id_5f8seqeob8,32.96420215959679
id_h0d3gkad49,32.96420215959679
id_g7kvipny30,32.96420215959679
id_hmwh1yqafb,32.96420215959679
id_xjzlyzcmgj,32.96420215959679
id_inhwqwpuun,32.96420215959679
id_wsm8a53caa,32.96420215959679
id_r9mlk12372,28.659793133032153
id_oisa8d97gd,32.96420215959679
id_6ab55sm71v,32.96420215959679
id_too46nmh07,32.96420215959679
id_r5m6g5ftw3,32.96420215959679
id_g6vqehwv9h,32.96420215959679
id_na1dwva2t9,32.96420215959679
id_nr83m898q4,32.96420215959679
id_588qh1lkgp,33.1356116368134
id_1k70mcdia8,33.1356116368134
id_4kvsbq5i01,33.1356116368134
id_u90ok9v1g2,33.1356116368134
id_f7jhr0tzyj,33.1356116368134
id_496ds7trwi,33.1356116368134
id_rjedrxh5ol,27.30924290379656
id_iznxqqg86k,33.1356116368134
id_r2nitpoo6n,33.1356116368134
id_ako3197fah,58.21426474913903
id_nprrbmfek0,60.43118198655469
id_bmxffkemr6,58.21426474913903
id_w7doelm7x4,58.21426474913903
id_8z87l1y49i,58.21426474913903
id_ebkjvn720n,52.705289190264196
id_tc14hgelz9,58.21426474913903
id_a574b55rgm,58.21426474913903
id_dz6m95a6g7,62.09865322637506
id_wei7m8hy0n,58.21426474913903
id_hj9g1ena8l,63.04628565913683
id_hxkqt31oj0,58.21426474913903
id_j9xr0ullvp,58.21426474913903
id_dhxexr0nl8,58.21426474913903
id_thyiz3erhs,58.21426474913903
id_vfer04eoj5,58.21426474913903
id_dtjlkdb6na,58.21426474913903
id_wjevf26x7g,58.21426474913903
id_js2e45rmts,57.32509472514776
id_h4sopez1xq,58.21426474913903
id_tli2tt2lre,58.21426474913903
id_nml7r1ihuo,58.21426474913903
id_ny3rzr8dw4,58.21426474913903
id_dgyrdg3c7c,60.03156159294097
id_5xl1ofkel7,58.09374538360004
id_s9z5qdtsok,58.21426474913903
id_wzznck6hr2,58.21426474913903
id_2jrs4cf50t,60.03156159294097
id_zr9i8iyl05,58.21426474913903
id_ywr3489vgm,60.03156159294097
id_40yosi6uqe,58.21426474913903
id_hvj85b4s27,58.21426474913903
id_ve7iodkk5x,58.21426474913903
id_prcsjcgmvr,58.21426474913903
id_urporbfca8,58.21426474913903
id_hnh9veqj44,60.03156159294097
id_66ujv86e23,60.03156159294097
id_op00lvkxjn,60.03156159294097
id_0h1a9dhuum,58.21426474913903
id_ng6gkjkewg,58.21426474913903
id_u3q353kzgc,58.21426474913903
id_ykfovbo3gm,63.300726643024824
id_k2wnuw9gop,58.21426474913903
id_n742fvx1ah,58.21426474913903
id_ecz5hhz0iz,58.21426474913903
id_t3tupepv7y,58.21426474913903
id_touyxi6cd9,58.21426474913903
id_fv0z5li929,59.91104222740197
id_1rbmh121yv,58.21426474913903
id_jxivfqw95m,58.21426474913903
id_c99mmbda9h,58.21426474913903
id_amvzqnr8uh,59.91104222740197
id_vd8i2z3hob,58.21426474913903
id_sq6qs6ygpd,58.21426474913903
id_grfpl7lzzm,58.21426474913903
id_rqzxw5tozc,58.21426474913903
id_74zv2ut2b5,58.21426474913903
id_je1zddxbcz,60.03156159294097
id_p1lsa0r1uy,58.21426474913903
id_466f3sjyaa,59.91104222740197
id_6bji5k248v,58.21426474913903
id_xmf644v3gg,58.21426474913903
id_7ww556yt1z,58.21426474913903
id_1kv2mm53gl,58.21426474913903
id_gogfzwk8d6,58.21426474913903
id_4ijyknjpyw,58.21426474913903
id_51yb1ejvyp,58.21426474913903
id_e8kgwianqu,58.21426474913903
id_01xma9jtcq,58.52052987632494
id_b4c2qvjsq9,58.52052987632494
id_kkxio9kyth,58.52052987632494
id_eo46mly8qt,58.52052987632494
id_x6q1xzuux5,58.51812265988756
id_o9paw0x3kv,58.52052987632494
id_rmptreswq4,58.52052987632494
id_t3b2vd5gaq,58.52052987632494
id_1ccceino2g,36.45333549722208
id_pkszxukfw8,36.45333549722208
id_irjroluzw5,36.45333549722208
id_41oiry183k,29.382881774920783
id_cfcgnt1ghb,36.45333549722208
id_sjd7rg1oll,30.009511383424503
id_364xgx2f9d,30.009511383424503
id_fy2bmhco3s,29.382881774920783
id_axh2ddc911,36.33523445991839
id_29vkc8fnf2,36.33523445991839
id_4ohuy386ux,36.33523445991839
id_ny7vfafssc,36.33523445991839
id_is7lidy1mf,32.96420215959679
id_3gzqnrpvj1,32.96420215959679
id_tgs79jz18s,32.96420215959679
id_1vuxj43b5t,28.659793133032153
id_0li1v5bnou,28.659793133032153
id_2rkm63c28h,27.84058508130692
id_u4ue41ptfe,28.659793133032153
id_hqm9ncx8e0,28.659793133032153
id_nm7ygb4b3l,33.78341021132207
id_jh45q5uczs,32.96420215959679
id_8wae60vl8s,27.84058508130692
id_oew1wkaotf,33.78341021132207
id_2blz0nu3gr,32.96420215959679
id_8561e57ms1,27.84058508130692
id_6l2yazaml7,27.84058508130692
id_u8x5imye5i,32.96420215959679
id_3n4fcuig6s,32.96420215959679
id_63yqksu7g8,32.96420215959679
id_vr7oawtyr7,27.84058508130692
id_hucimtkqcs,32.96420215959679
id_en1o2lrl13,32.96420215959679
id_7unrf37lps,27.84058508130692
id_airjz9ye97,27.84058508130692
id_scnvuwxqzg,32.96420215959679
id_e660aintu0,32.96420215959679
id_xp5zllo7bm,32.96420215959679
id_9vmhojq424,27.84058508130692
id_1qhlpx2pcm,32.96420215959679
id_qedyi4kq32,32.96420215959679
id_vyxdm338eq,28.659793133032153
id_g2ct966v3a,28.659793133032153
id_npft5kn5zd,32.96420215959679
id_d9roa39323,32.96420215959679
id_7jxotkoa6i,32.96420215959679
id_io83k3isds,32.96420215959679
id_0phnbrqgvq,32.96420215959679
id_8fhskk4v0o,32.96420215959679
id_jmark42lrd,32.96420215959679
id_4uoyxutrk9,32.96420215959679
id_z3ne71faqd,32.96420215959679
id_3lsi6od9kk,32.96420215959679
id_wnmtya2xe4,32.96420215959679
id_kxpxubm2ks,32.96420215959679
id_jr62xr6pn0,32.96420215959679
id_i1ndfhbqh8,28.659793133032153
id_xbzzfn775f,27.84058508130692
id_2jgxgek3pp,32.96420215959679
id_cz0j93tjn1,32.96420215959679
id_ibjyuosq7h,32.96420215959679
id_qdj44e8qxy,33.78341021132207
id_pr6ybzbo04,32.96420215959679
id_6is3wqphrp,27.84058508130692
id_a19c8qy624,32.96420215959679
id_fccl3r4vhn,32.96420215959679
id_lpadx9ljyn,32.96420215959679
id_yrlxid7w5f,32.96420215959679
id_iyelznc712,27.84058508130692
id_d4zyhlrp7i,32.96420215959679
id_yamlzhxpzl,32.96420215959679
id_69z3k5udxl,32.96420215959679
id_250ilall7a,32.96420215959679
id_5oh31qlbqd,32.96420215959679
id_g0pt3qxex9,32.96420215959679
id_wecofpgirx,32.96420215959679
id_srbbfyzb4y,32.96420215959679
id_9dwlszpc6f,32.96420215959679
id_rx1c8t309y,32.96420215959679
id_ihc33303cp,32.96420215959679
id_efyw9jlc2d,27.84058508130692
id_r4qda17kgf,27.84058508130692
id_ztkiuvq97m,32.96420215959679
id_57vj6lphyj,32.96420215959679
id_1a219llt0x,32.96420215959679
id_7dum8n5jfs,32.96420215959679
id_mprnfw8jby,32.96420215959679
id_4kwyl8vwk1,32.96420215959679
id_hkd5b8lkry,27.84058508130692
id_ugse3zoarv,32.96420215959679
id_2mihn0ik0d,32.96420215959679
id_eq3nj1bw4i,32.96420215959679
id_eztbfv2vvq,32.96420215959679
id_j822qt24o8,32.96420215959679
id_nyc1n6dupk,27.84058508130692
id_5rfy4jo9id,32.96420215959679
id_z30ciw3guv,32.96420215959679
id_cikel8zc0d,33.1356116368134
id_pn6ira1t7j,33.1356116368134
id_etyxjytmkl,33.1356116368134
id_vk4ybuoyry,35.26838210890548
id_qm010ay0yb,33.1356116368134
id_ufglp9d8e6,33.1356116368134
id_vfxihvxog9,27.30924290379656
id_gx87k11mh3,33.1356116368134
id_5yblexf7zp,33.1356116368134
id_c9cycuvetl,36.33523445991839
id_8xu1ardxni,36.33523445991839
id_aumy97t1iu,36.33523445991839
id_cv1dq53hzh,36.33523445991839
